filename,asymmetry_score,rotations_used
PAT_1000_31_620_mask.png,0.3436,8
PAT_1006_53_385_mask.png,0.4838,8
PAT_1006_53_716_mask.png,0.6881,8
PAT_1008_59_297_mask.png,0.2167,8
PAT_100_393_898_mask.png,0.2471,8
PAT_1013_82_876_mask.png,0.068,8
PAT_1014_86_861_mask.png,0.1782,8
PAT_1017_97_577_mask.png,0.1472,8
PAT_1018_107_68_mask.png,0.3697,8
PAT_101_1041_651_mask.png,0.1851,8
PAT_101_1041_658_mask.png,0.1545,8
PAT_101_1041_898_mask.png,0.2094,8
PAT_1020_111_593_mask.png,0.1058,8
PAT_1021_112_40_mask.png,0.2763,8
PAT_1022_114_756_mask.png,0.2463,8
PAT_1022_115_132_mask.png,0.5907,8
PAT_1026_124_346_mask.png,0.0842,8
PAT_1027_128_854_mask.png,0.8405,8
PAT_1029_135_239_mask.png,0.1474,8
PAT_1029_135_983_mask.png,0.3137,8
PAT_1031_148_66_mask.png,0.585,8
PAT_1033_153_301_mask.png,0.0645,8
PAT_1034_161_203_mask.png,0.4721,8
PAT_1035_165_800_mask.png,0.6204,8
PAT_1036_169_687_mask.png,0.7267,8
PAT_1042_187_746_mask.png,0.5556,8
PAT_104_1754_276_mask.png,0.059,8
PAT_104_1756_151_mask.png,0.186,8
PAT_1051_220_356_mask.png,0.1397,8
PAT_1057_242_297_mask.png,0.1066,8
PAT_1061_254_813_mask.png,0.1734,8
PAT_1062_264_741_mask.png,0.1544,8
PAT_1063_268_919_mask.png,0.1681,8
PAT_1063_270_593_mask.png,0.4618,8
PAT_1063_271_448_mask.png,0.0549,8
PAT_1064_272_668_mask.png,0.1848,8
PAT_1064_273_980_mask.png,0.1894,8
PAT_1065_276_231_mask.png,0.105,8
PAT_1065_278_954_mask.png,0.1411,8
PAT_1066_281_698_mask.png,0.1551,8
PAT_1066_281_99_mask.png,0.0554,8
PAT_1067_284_533_mask.png,0.1414,8
PAT_1068_285_845_mask.png,0.1557,8
PAT_106_158_249_mask.png,0.2683,8
PAT_106_158_270_mask.png,0.2558,8
PAT_106_159_325_mask.png,0.1666,8
PAT_1070_304_845_mask.png,0.591,8
PAT_1070_305_907_mask.png,0.1012,8
PAT_1070_308_751_mask.png,0.2123,8
PAT_1071_312_841_mask.png,0.2757,8
PAT_1071_314_500_mask.png,0.4569,8
PAT_1074_322_174_mask.png,0.3129,8
PAT_1074_322_242_mask.png,0.2797,8
PAT_1074_322_662_mask.png,0.5832,8
PAT_1074_322_864_mask.png,0.0717,8
PAT_1075_324_177_mask.png,0.1451,8
PAT_107_160_609_mask.png,0.0971,8
PAT_1082_342_705_mask.png,0.1807,8
PAT_1088_373_781_mask.png,0.6907,8
PAT_1089_375_60_mask.png,0.1668,8
PAT_1089_375_677_mask.png,0.0565,8
PAT_108_161_423_mask.png,0.1518,8
PAT_108_161_575_mask.png,0.135,8
PAT_108_161_878_mask.png,0.1105,8
PAT_108_162_526_mask.png,0.4442,8
PAT_108_162_660_mask.png,0.1538,8
PAT_108_424_944_mask.png,0.5962,8
PAT_1090_376_384_mask.png,0.127,8
PAT_1092_378_922_mask.png,0.6003,8
PAT_1094_381_446_mask.png,0.5459,8
PAT_1094_381_85_mask.png,0.7559,8
PAT_109_868_113_mask.png,0.1066,8
PAT_109_868_723_mask.png,0.1233,8
PAT_10_18_830_mask.png,0.1291,8
PAT_1100_402_375_mask.png,0.1248,8
PAT_1102_408_613_mask.png,0.1393,8
PAT_1105_420_520_mask.png,0.2941,8
PAT_1107_427_352_mask.png,0.1056,8
PAT_1109_436_141_mask.png,0.1107,8
PAT_1109_437_254_mask.png,0.1965,8
PAT_110_165_583_mask.png,0.1162,8
PAT_110_397_52_mask.png,0.5095,8
PAT_1113_458_387_mask.png,0.0936,8
PAT_1118_470_710_mask.png,0.2185,8
PAT_1122_479_664_mask.png,0.0656,8
PAT_1124_489_151_mask.png,0.1411,8
PAT_1125_492_523_mask.png,0.1282,8
PAT_1128_497_29_mask.png,0.3278,8
PAT_1129_498_930_mask.png,0.1065,8
PAT_112_168_360_mask.png,0.1425,8
PAT_112_171_863_mask.png,0.1025,8
PAT_1130_501_181_mask.png,0.3872,8
PAT_1132_508_325_mask.png,0.1967,8
PAT_1133_510_956_mask.png,0.5554,8
PAT_1136_517_92_mask.png,0.1674,8
PAT_1138_520_154_mask.png,0.1179,8
PAT_1139_523_682_mask.png,0.9631,8
PAT_113_172_610_mask.png,0.1438,8
PAT_1141_526_416_mask.png,0.6559,8
PAT_1145_534_529_mask.png,0.1178,8
PAT_1148_542_708_mask.png,0.0464,8
PAT_114_173_213_mask.png,0.3623,8
PAT_1151_551_241_mask.png,0.1732,8
PAT_1153_555_98_mask.png,0.0939,8
PAT_1158_570_376_mask.png,0.1368,8
PAT_115_1138_870_mask.png,0.2232,8
PAT_115_1138_970_mask.png,0.0655,8
PAT_115_175_206_mask.png,0.262,8
PAT_115_175_283_mask.png,0.2345,8
PAT_115_176_455_mask.png,0.2528,8
PAT_115_177_575_mask.png,0.1261,8
PAT_115_177_622_mask.png,0.1645,8
PAT_1161_578_233_mask.png,0.3969,8
PAT_1170_609_378_mask.png,0.5433,8
PAT_1171_615_468_mask.png,0.5508,8
PAT_1172_622_420_mask.png,0.2233,8
PAT_1174_628_915_mask.png,0.1474,8
PAT_1176_631_36_mask.png,0.4325,8
PAT_1179_641_735_mask.png,0.2048,8
PAT_117_2_983_mask.png,0.2941,8
PAT_1180_650_843_mask.png,0.1723,8
PAT_1180_651_559_mask.png,0.2891,8
PAT_1181_659_231_mask.png,0.3078,8
PAT_1184_676_303_mask.png,0.1327,8
PAT_1184_676_904_mask.png,0.6049,8
PAT_1184_678_86_mask.png,0.0777,8
PAT_1185_679_115_mask.png,0.091,8
PAT_1186_680_578_mask.png,0.2068,8
PAT_1186_681_457_mask.png,0.1734,8
PAT_118_180_386_mask.png,0.1702,8
PAT_118_180_500_mask.png,0.1134,8
PAT_1190_700_663_mask.png,0.6155,8
PAT_1197_713_520_mask.png,0.5345,8
PAT_119_181_684_mask.png,0.2208,8
PAT_1202_722_827_mask.png,0.1104,8
PAT_1203_724_762_mask.png,0.0868,8
PAT_1208_736_599_mask.png,0.1508,8
PAT_1209_737_590_mask.png,0.6434,8
PAT_120_183_623_mask.png,0.0859,8
PAT_1210_738_915_mask.png,0.7605,8
PAT_1215_752_707_mask.png,0.1141,8
PAT_1216_759_542_mask.png,0.1206,8
PAT_1216_760_593_mask.png,0.6579,8
PAT_1217_762_198_mask.png,0.0799,8
PAT_121_184_502_mask.png,0.1026,8
PAT_1220_765_464_mask.png,0.3212,8
PAT_1221_766_430_mask.png,0.1478,8
PAT_1222_767_519_mask.png,0.2886,8
PAT_1223_770_120_mask.png,0.0458,8
PAT_1229_794_274_mask.png,0.2575,8
PAT_122_185_957_mask.png,0.2338,8
PAT_122_869_60_mask.png,0.5305,8
PAT_123_186_718_mask.png,0.1117,8
PAT_123_187_164_mask.png,0.1976,8
PAT_1241_824_82_mask.png,0.0736,8
PAT_1243_836_47_mask.png,0.1107,8
PAT_1243_837_806_mask.png,0.1206,8
PAT_1244_840_975_mask.png,0.1148,8
PAT_1245_844_471_mask.png,0.259,8
PAT_1245_845_32_mask.png,0.1259,8
PAT_1246_846_899_mask.png,0.6066,8
PAT_1247_852_178_mask.png,0.0951,8
PAT_1249_861_810_mask.png,0.2939,8
PAT_1249_862_658_mask.png,0.1363,8
PAT_1252_866_852_mask.png,0.1456,8
PAT_1255_876_939_mask.png,0.2874,8
PAT_1256_879_199_mask.png,0.1242,8
PAT_1257_887_828_mask.png,0.2903,8
PAT_1259_892_793_mask.png,0.2339,8
PAT_1260_894_63_mask.png,0.1747,8
PAT_1261_896_349_mask.png,0.5182,8
PAT_1264_907_674_mask.png,0.1154,8
PAT_1265_908_754_mask.png,0.0698,8
PAT_1267_912_371_mask.png,0.1265,8
PAT_1269_936_965_mask.png,0.1264,8
PAT_126_190_376_mask.png,0.1484,8
PAT_126_191_304_mask.png,0.139,8
PAT_126_192_208_mask.png,0.214,8
PAT_1273_952_89_mask.png,0.1225,8
PAT_1273_953_510_mask.png,0.1478,8
PAT_1274_954_677_mask.png,0.5236,8
PAT_1275_955_131_mask.png,0.147,8
PAT_1276_957_406_mask.png,0.0951,8
PAT_1277_964_152_mask.png,0.2096,8
PAT_1277_964_77_mask.png,0.1756,8
PAT_1278_965_701_mask.png,0.1568,8
PAT_1278_966_295_mask.png,0.1571,8
PAT_1278_967_599_mask.png,0.0607,8
PAT_1280_972_605_mask.png,0.5373,8
PAT_1280_972_727_mask.png,0.3219,8
PAT_1282_978_328_mask.png,0.2795,8
PAT_1284_995_150_mask.png,0.4336,8
PAT_1286_1000_276_mask.png,0.1532,8
PAT_1286_1000_517_mask.png,0.1675,8
PAT_1286_999_824_mask.png,0.0866,8
PAT_1286_999_846_mask.png,0.0913,8
PAT_1288_1003_553_mask.png,0.0768,8
PAT_1288_1003_969_mask.png,0.0808,8
PAT_128_194_144_mask.png,0.0917,8
PAT_1296_1038_1_mask.png,0.1668,8
PAT_1298_1051_831_mask.png,0.077,8
PAT_1299_1055_591_mask.png,0.1671,8
PAT_1300_1056_532_mask.png,0.3605,8
PAT_1301_1063_739_mask.png,0.221,8
PAT_1303_1077_501_mask.png,0.1184,8
PAT_1304_1081_84_mask.png,0.0621,8
PAT_1304_3507_308_mask.png,0.0617,8
PAT_1305_1082_88_mask.png,0.0853,8
PAT_1305_4097_251_mask.png,0.0837,8
PAT_1306_1086_124_mask.png,0.4478,8
PAT_1306_1086_762_mask.png,0.6737,8
PAT_1307_1088_252_mask.png,0.2517,8
PAT_1308_1095_117_mask.png,0.1447,8
PAT_1309_1096_393_mask.png,0.1779,8
PAT_1310_1097_774_mask.png,0.1494,8
PAT_1312_1102_578_mask.png,0.2178,8
PAT_1313_1105_284_mask.png,0.182,8
PAT_1314_1108_442_mask.png,0.1909,8
PAT_1315_1110_317_mask.png,0.2582,8
PAT_1316_1114_517_mask.png,0.2945,8
PAT_1317_1130_656_mask.png,0.1087,8
PAT_131_197_260_mask.png,0.1183,8
PAT_131_197_974_mask.png,0.1006,8
PAT_1320_1135_471_mask.png,0.2719,8
PAT_1322_1137_201_mask.png,0.2711,8
PAT_1324_1145_309_mask.png,0.1948,8
PAT_1324_1146_143_mask.png,0.0605,8
PAT_1326_1156_139_mask.png,0.1215,8
PAT_1326_1156_163_mask.png,0.4577,8
PAT_1326_1156_783_mask.png,0.1364,8
PAT_1329_1168_620_mask.png,0.0573,8
PAT_132_198_114_mask.png,0.3252,8
PAT_1330_1172_722_mask.png,0.164,8
PAT_1331_1173_380_mask.png,0.1579,8
PAT_1332_1174_839_mask.png,0.0993,8
PAT_1333_1177_261_mask.png,0.1126,8
PAT_1333_1177_434_mask.png,0.402,8
PAT_1334_1178_413_mask.png,0.1183,8
PAT_1335_1181_21_mask.png,0.1622,8
PAT_1340_1207_304_mask.png,0.1455,8
PAT_1340_1208_931_mask.png,0.4608,8
PAT_1344_1222_456_mask.png,0.0977,8
PAT_1345_1223_175_mask.png,0.1123,8
PAT_1347_1226_928_mask.png,0.2501,8
PAT_1349_1229_828_mask.png,0.1058,8
PAT_134_201_587_mask.png,0.4755,8
PAT_1350_1230_878_mask.png,0.0876,8
PAT_1350_1230_925_mask.png,0.1616,8
PAT_1351_1231_203_mask.png,0.205,8
PAT_135_202_105_mask.png,0.3093,8
PAT_135_202_593_mask.png,0.1305,8
PAT_135_202_695_mask.png,0.1269,8
PAT_1364_1246_143_mask.png,0.2186,8
PAT_1364_1246_238_mask.png,0.103,8
PAT_1364_1246_420_mask.png,0.0922,8
PAT_1364_1246_447_mask.png,0.337,8
PAT_1364_1246_583_mask.png,0.2673,8
PAT_1364_1246_927_mask.png,0.1203,8
PAT_1365_1253_912_mask.png,0.1644,8
PAT_1367_1264_801_mask.png,0.6386,8
PAT_136_203_436_mask.png,0.1224,8
PAT_1370_1273_41_mask.png,0.0841,8
PAT_1370_1274_515_mask.png,0.0868,8
PAT_1371_1276_145_mask.png,0.0596,8
PAT_1371_1278_533_mask.png,0.2243,8
PAT_1373_1283_85_mask.png,0.1069,8
PAT_1374_1284_208_mask.png,0.471,8
PAT_1374_1285_735_mask.png,0.0948,8
PAT_1374_1286_494_mask.png,0.5468,8
PAT_1374_1286_775_mask.png,0.2069,8
PAT_1374_1286_939_mask.png,0.4164,8
PAT_1376_1297_686_mask.png,0.1423,8
PAT_1377_3512_370_mask.png,0.4925,8
PAT_1379_1300_924_mask.png,0.2327,8
PAT_1381_1314_517_mask.png,0.16,8
PAT_1385_1323_100_mask.png,0.0504,8
PAT_1388_3513_146_mask.png,0.108,8
PAT_138_205_296_mask.png,0.702,8
PAT_138_206_507_mask.png,0.4459,8
PAT_1390_1346_709_mask.png,0.1954,8
PAT_1391_1351_396_mask.png,0.1652,8
PAT_1392_1352_778_mask.png,0.1478,8
PAT_1392_1353_161_mask.png,0.1206,8
PAT_1393_1354_535_mask.png,0.3414,8
PAT_1393_1355_270_mask.png,0.0747,8
PAT_1393_1355_316_mask.png,0.1222,8
PAT_1393_1356_371_mask.png,0.2598,8
PAT_1396_1360_4_mask.png,0.0611,8
PAT_1397_1361_183_mask.png,0.2097,8
PAT_139_207_342_mask.png,0.2002,8
PAT_13_21_350_mask.png,0.1584,8
PAT_1400_1372_276_mask.png,0.0654,8
PAT_1401_1374_593_mask.png,0.1861,8
PAT_1402_1376_160_mask.png,0.7771,8
PAT_1402_1377_799_mask.png,0.5993,8
PAT_1402_1377_959_mask.png,0.3868,8
PAT_1403_1392_407_mask.png,0.1616,8
PAT_1404_1393_369_mask.png,0.0414,8
PAT_1404_1393_540_mask.png,0.635,8
PAT_1405_1395_96_mask.png,0.1343,8
PAT_1406_1397_669_mask.png,0.2053,8
PAT_1407_1402_347_mask.png,0.5787,8
PAT_1407_1402_500_mask.png,0.4851,8
PAT_1407_1402_734_mask.png,0.1351,8
PAT_1408_1404_929_mask.png,0.454,8
PAT_1408_1406_950_mask.png,0.1534,8
PAT_1410_1410_46_mask.png,0.3528,8
PAT_1411_1414_355_mask.png,0.0988,8
PAT_1411_1415_723_mask.png,0.1969,8
PAT_1414_1426_124_mask.png,0.4673,8
PAT_1414_1429_53_mask.png,0.5604,8
PAT_1414_1429_59_mask.png,0.1794,8
PAT_1414_1431_754_mask.png,0.1272,8
PAT_1414_1432_969_mask.png,0.8137,8
PAT_1414_1433_570_mask.png,0.2251,8
PAT_1414_1433_806_mask.png,0.7645,8
PAT_1415_1437_527_mask.png,0.1304,8
PAT_1415_1437_743_mask.png,0.1806,8
PAT_1415_1439_295_mask.png,0.0799,8
PAT_1415_1440_629_mask.png,0.206,8
PAT_1418_1447_334_mask.png,0.0992,8
PAT_1418_1447_360_mask.png,0.0856,8
PAT_1418_1448_307_mask.png,0.2715,8
PAT_1418_1449_580_mask.png,0.5475,8
PAT_141_209_438_mask.png,0.0807,8
PAT_1420_1460_951_mask.png,0.1597,8
PAT_1420_1461_93_mask.png,0.1467,8
PAT_1421_1464_297_mask.png,0.4926,8
PAT_1423_1472_18_mask.png,0.1479,8
PAT_1427_1485_119_mask.png,0.2669,8
PAT_1427_1485_15_mask.png,0.608,8
PAT_1428_1489_454_mask.png,0.6269,8
PAT_142_210_904_mask.png,0.1356,8
PAT_1431_1495_511_mask.png,0.5911,8
PAT_1431_1495_931_mask.png,0.5061,8
PAT_1432_1497_328_mask.png,0.1044,8
PAT_1433_1499_29_mask.png,0.0945,8
PAT_1439_1521_868_mask.png,0.362,8
PAT_1439_1522_211_mask.png,0.0832,8
PAT_1439_1522_320_mask.png,0.1865,8
PAT_143_213_489_mask.png,0.0847,8
PAT_1441_1531_670_mask.png,0.1393,8
PAT_1443_1536_166_mask.png,0.1158,8
PAT_1449_1554_932_mask.png,0.2277,8
PAT_1450_1556_114_mask.png,0.1384,8
PAT_1451_1560_616_mask.png,0.0438,8
PAT_1451_1561_100_mask.png,0.0856,8
PAT_1452_1564_509_mask.png,0.633,8
PAT_1453_1565_529_mask.png,0.0886,8
PAT_1453_1566_310_mask.png,0.1947,8
PAT_1453_1567_250_mask.png,0.0909,8
PAT_1455_1585_690_mask.png,0.0619,8
PAT_145_216_110_mask.png,0.2187,8
PAT_145_216_158_mask.png,0.1461,8
PAT_145_216_924_mask.png,0.2957,8
PAT_1460_1598_708_mask.png,0.1826,8
PAT_1460_1598_959_mask.png,0.0897,8
PAT_1461_1600_867_mask.png,0.0784,8
PAT_1464_1612_284_mask.png,0.505,8
PAT_1468_1622_219_mask.png,0.2941,8
PAT_1468_3656_337_mask.png,0.0765,8
PAT_1469_1627_109_mask.png,0.3814,8
PAT_146_217_187_mask.png,0.2151,8
PAT_1472_1639_87_mask.png,0.0697,8
PAT_1475_1651_727_mask.png,0.1519,8
PAT_1476_1657_788_mask.png,0.1172,8
PAT_1477_1660_226_mask.png,0.5101,8
PAT_1479_1669_376_mask.png,0.1086,8
PAT_147_219_206_mask.png,0.1169,8
PAT_147_219_544_mask.png,0.1501,8
PAT_1480_1673_701_mask.png,0.1036,8
PAT_1481_1674_735_mask.png,0.187,8
PAT_1481_1675_371_mask.png,0.2191,8
PAT_1482_1677_382_mask.png,0.1648,8
PAT_1483_1678_538_mask.png,0.3518,8
PAT_1484_1682_240_mask.png,0.0727,8
PAT_1486_1684_182_mask.png,0.6974,8
PAT_148_220_174_mask.png,0.4663,8
PAT_1491_1703_637_mask.png,0.488,8
PAT_1492_1705_578_mask.png,0.1131,8
PAT_1492_1705_728_mask.png,0.4294,8
PAT_1494_1707_125_mask.png,0.2978,8
PAT_1495_1708_278_mask.png,0.1466,8
PAT_1497_1712_633_mask.png,0.1485,8
PAT_1498_1715_345_mask.png,0.3148,8
PAT_1498_1719_816_mask.png,0.2986,8
PAT_149_221_679_mask.png,0.3856,8
PAT_14_22_850_mask.png,0.1738,8
PAT_1503_1728_65_mask.png,0.1277,8
PAT_1505_1733_128_mask.png,0.6656,8
PAT_1506_1735_733_mask.png,0.1474,8
PAT_1509_1741_810_mask.png,0.1958,8
PAT_1509_1742_422_mask.png,0.2304,8
PAT_150_1799_644_mask.png,0.2757,8
PAT_1514_1760_35_mask.png,0.4906,8
PAT_1516_1765_530_mask.png,0.2219,8
PAT_151_227_63_mask.png,0.4288,8
PAT_1520_1777_935_mask.png,0.2242,8
PAT_1521_1778_763_mask.png,0.1028,8
PAT_1526_1792_482_mask.png,0.1423,8
PAT_1527_1794_662_mask.png,0.1072,8
PAT_1528_1795_12_mask.png,0.2514,8
PAT_1529_1798_206_mask.png,0.4996,8
PAT_152_230_707_mask.png,0.0857,8
PAT_152_230_934_mask.png,0.128,8
PAT_1531_1800_683_mask.png,0.0795,8
PAT_1534_1809_366_mask.png,0.2127,8
PAT_1534_1810_719_mask.png,0.0814,8
PAT_1535_1812_660_mask.png,0.0964,8
PAT_1536_1819_562_mask.png,0.2538,8
PAT_1538_1830_693_mask.png,0.2305,8
PAT_153_1200_541_mask.png,0.2285,8
PAT_153_233_45_mask.png,0.1001,8
PAT_1543_4346_860_mask.png,0.5692,8
PAT_1545_1865_519_mask.png,0.1486,8
PAT_1545_1867_547_mask.png,0.1665,8
PAT_1546_1871_376_mask.png,0.0831,8
PAT_1546_1872_824_mask.png,0.0558,8
PAT_1547_1874_432_mask.png,0.5903,8
PAT_1547_1875_436_mask.png,0.081,8
PAT_1547_1876_839_mask.png,0.1356,8
PAT_1547_4231_928_mask.png,0.0463,8
PAT_1547_4232_115_mask.png,0.0686,8
PAT_1549_1882_230_mask.png,0.0775,8
PAT_154_235_162_mask.png,0.0906,8
PAT_154_235_30_mask.png,0.098,8
PAT_154_236_800_mask.png,0.1134,8
PAT_154_237_2_mask.png,0.1607,8
PAT_154_237_625_mask.png,0.297,8
PAT_1550_1886_849_mask.png,0.5371,8
PAT_1550_1888_216_mask.png,0.1284,8
PAT_1551_1889_948_mask.png,0.0536,8
PAT_1552_1895_190_mask.png,0.6737,8
PAT_1554_2392_767_mask.png,0.2331,8
PAT_1554_2393_541_mask.png,0.1399,8
PAT_1554_4170_992_mask.png,0.097,8
PAT_1555_2396_71_mask.png,0.1939,8
PAT_1557_2399_681_mask.png,0.3491,8
PAT_155_238_413_mask.png,0.3448,8
PAT_155_240_211_mask.png,0.1337,8
PAT_1563_2425_443_mask.png,0.2359,8
PAT_1563_2426_436_mask.png,0.3025,8
PAT_1566_2435_150_mask.png,0.152,8
PAT_1568_2454_468_mask.png,0.1747,8
PAT_156_241_538_mask.png,0.4224,8
PAT_1570_2472_418_mask.png,0.2389,8
PAT_1571_2484_488_mask.png,0.0957,8
PAT_1572_2494_224_mask.png,0.2172,8
PAT_1572_2495_335_mask.png,0.1439,8
PAT_1572_2496_418_mask.png,0.2564,8
PAT_1573_2497_736_mask.png,0.1306,8
PAT_1573_2499_849_mask.png,0.4124,8
PAT_1575_2516_23_mask.png,0.3377,8
PAT_1575_2516_618_mask.png,0.5496,8
PAT_1577_2543_510_mask.png,0.1335,8
PAT_1577_3527_831_mask.png,0.1455,8
PAT_1581_2570_738_mask.png,0.1043,8
PAT_1582_2574_34_mask.png,0.2637,8
PAT_1582_2574_890_mask.png,0.5558,8
PAT_1582_2574_905_mask.png,0.6306,8
PAT_1582_2574_989_mask.png,0.387,8
PAT_1583_2607_628_mask.png,0.2105,8
PAT_1584_2610_223_mask.png,0.1623,8
PAT_1585_2619_396_mask.png,0.1035,8
PAT_1586_2623_989_mask.png,0.1628,8
PAT_1586_2624_615_mask.png,0.0433,8
PAT_1587_2625_226_mask.png,0.15,8
PAT_1588_2629_296_mask.png,0.2001,8
PAT_158_243_947_mask.png,0.1076,8
PAT_158_621_68_mask.png,0.2518,8
PAT_1591_2648_723_mask.png,0.1005,8
PAT_1591_2648_855_mask.png,0.3935,8
PAT_1593_2651_122_mask.png,0.1105,8
PAT_1594_2656_679_mask.png,0.1229,8
PAT_1596_2664_323_mask.png,0.3054,8
PAT_159_244_102_mask.png,0.4999,8
PAT_159_245_181_mask.png,0.2927,8
PAT_159_246_630_mask.png,0.1811,8
PAT_15_1001_749_mask.png,0.6195,8
PAT_15_23_240_mask.png,0.0954,8
PAT_15_3138_959_mask.png,0.6174,8
PAT_1600_2685_164_mask.png,0.1642,8
PAT_1600_2685_445_mask.png,0.1603,8
PAT_1603_2704_969_mask.png,0.0734,8
PAT_1605_2715_845_mask.png,0.2642,8
PAT_1608_2720_196_mask.png,0.069,8
PAT_160_248_254_mask.png,0.1867,8
PAT_160_249_76_mask.png,0.1182,8
PAT_1614_2747_533_mask.png,0.412,8
PAT_1615_2749_350_mask.png,0.1854,8
PAT_1619_2774_616_mask.png,0.0742,8
PAT_161_250_197_mask.png,0.2197,8
PAT_161_250_338_mask.png,0.1717,8
PAT_1620_2779_319_mask.png,0.1818,8
PAT_1624_2807_679_mask.png,0.0903,8
PAT_1626_2811_850_mask.png,0.1818,8
PAT_162_252_773_mask.png,0.1683,8
PAT_1631_2837_667_mask.png,0.6317,8
PAT_1633_2855_460_mask.png,0.3601,8
PAT_1633_2855_594_mask.png,0.2635,8
PAT_1636_2869_595_mask.png,0.1385,8
PAT_1636_2869_739_mask.png,0.1263,8
PAT_1638_2878_536_mask.png,0.3031,8
PAT_1639_2879_744_mask.png,0.0841,8
PAT_163_254_719_mask.png,0.1204,8
PAT_1641_2886_284_mask.png,0.1879,8
PAT_1648_2902_292_mask.png,0.0857,8
PAT_1648_2904_523_mask.png,0.1854,8
PAT_164_255_119_mask.png,0.177,8
PAT_164_255_130_mask.png,0.1427,8
PAT_1650_2913_374_mask.png,0.2315,8
PAT_1651_2914_833_mask.png,0.6164,8
PAT_1652_2915_65_mask.png,0.2218,8
PAT_1653_2916_346_mask.png,0.2334,8
PAT_1653_2916_994_mask.png,0.169,8
PAT_1658_2933_322_mask.png,0.1732,8
PAT_165_256_460_mask.png,0.1406,8
PAT_1661_2956_357_mask.png,0.3971,8
PAT_1666_2985_968_mask.png,0.7057,8
PAT_166_257_586_mask.png,0.1256,8
PAT_166_3672_759_mask.png,0.1726,8
PAT_1670_3007_105_mask.png,0.5178,8
PAT_1671_3008_622_mask.png,0.2785,8
PAT_1673_3011_440_mask.png,0.5511,8
PAT_167_258_479_mask.png,0.1954,8
PAT_167_258_711_mask.png,0.2571,8
PAT_167_684_365_mask.png,0.1361,8
PAT_1680_3038_587_mask.png,0.0728,8
PAT_1682_3050_600_mask.png,0.0511,8
PAT_1688_3066_491_mask.png,0.1853,8
PAT_1689_3075_38_mask.png,0.2684,8
PAT_1689_3077_411_mask.png,0.1873,8
PAT_168_1486_97_mask.png,0.1081,8
PAT_168_260_654_mask.png,0.0882,8
PAT_168_261_38_mask.png,0.2945,8
PAT_168_262_292_mask.png,0.0566,8
PAT_168_262_74_mask.png,0.2698,8
PAT_1690_3082_117_mask.png,0.5896,8
PAT_1693_3103_879_mask.png,0.5662,8
PAT_1694_3110_213_mask.png,0.1214,8
PAT_1698_3122_83_mask.png,0.1054,8
PAT_1699_3126_673_mask.png,0.0453,8
PAT_169_694_411_mask.png,0.078,8
PAT_16_24_691_mask.png,0.0457,8
PAT_1701_3135_5_mask.png,0.1744,8
PAT_1701_3136_33_mask.png,0.2195,8
PAT_1702_3548_386_mask.png,0.1129,8
PAT_1705_3143_139_mask.png,0.1385,8
PAT_1707_3146_743_mask.png,0.2447,8
PAT_1707_3148_237_mask.png,0.3763,8
PAT_1707_3148_835_mask.png,0.1344,8
PAT_1708_3153_799_mask.png,0.4729,8
PAT_1708_3155_581_mask.png,0.6152,8
PAT_1708_3157_518_mask.png,0.6733,8
PAT_1709_3159_144_mask.png,0.4932,8
PAT_170_264_785_mask.png,0.1015,8
PAT_1710_3160_488_mask.png,0.1155,8
PAT_1712_3173_684_mask.png,0.0979,8
PAT_1715_3184_989_mask.png,0.1217,8
PAT_1718_3202_152_mask.png,0.2004,8
PAT_1719_3203_18_mask.png,0.2147,8
PAT_171_265_757_mask.png,0.6112,8
PAT_1720_3208_130_mask.png,0.4004,8
PAT_1721_3219_130_mask.png,0.2089,8
PAT_1721_3219_737_mask.png,0.2376,8
PAT_1722_3214_672_mask.png,0.3194,8
PAT_1725_3222_943_mask.png,0.2432,8
PAT_1726_3228_674_mask.png,0.1702,8
PAT_1727_3233_399_mask.png,0.3435,8
PAT_1728_3234_299_mask.png,0.387,8
PAT_1728_3234_404_mask.png,0.3765,8
PAT_172_266_950_mask.png,0.2825,8
PAT_172_267_557_mask.png,0.0453,8
PAT_1730_3236_201_mask.png,0.1265,8
PAT_1730_3236_7_mask.png,0.1437,8
PAT_1731_3237_919_mask.png,0.1055,8
PAT_1733_3239_934_mask.png,0.0986,8
PAT_1734_3240_299_mask.png,0.232,8
PAT_1735_3241_207_mask.png,0.1267,8
PAT_1735_3242_27_mask.png,0.0509,8
PAT_1736_3246_166_mask.png,0.1209,8
PAT_173_268_1000_mask.png,0.0803,8
PAT_1741_3273_34_mask.png,0.8412,8
PAT_1746_3284_798_mask.png,0.6143,8
PAT_1749_3288_409_mask.png,0.7166,8
PAT_1753_3305_385_mask.png,0.0918,8
PAT_1754_3306_816_mask.png,0.3019,8
PAT_1754_3308_390_mask.png,0.1949,8
PAT_1754_3308_783_mask.png,0.2834,8
PAT_1755_3309_828_mask.png,0.126,8
PAT_1755_3310_986_mask.png,0.4593,8
PAT_1760_3326_525_mask.png,0.2606,8
PAT_1761_3329_837_mask.png,0.2655,8
PAT_1762_3332_245_mask.png,0.3442,8
PAT_1764_3335_366_mask.png,0.2957,8
PAT_1764_3335_803_mask.png,0.3752,8
PAT_1764_3336_981_mask.png,0.0689,8
PAT_1765_3337_365_mask.png,0.0849,8
PAT_1767_3340_959_mask.png,0.1886,8
PAT_1769_3342_63_mask.png,0.1182,8
PAT_176_273_423_mask.png,0.0947,8
PAT_1770_3344_274_mask.png,0.1021,8
PAT_1772_3346_66_mask.png,0.0638,8
PAT_1774_3352_474_mask.png,0.1985,8
PAT_1777_3370_697_mask.png,0.1238,8
PAT_177_11_786_mask.png,0.195,8
PAT_177_274_371_mask.png,0.1326,8
PAT_177_274_865_mask.png,0.4537,8
PAT_177_275_905_mask.png,0.2074,8
PAT_1780_3380_542_mask.png,0.1266,8
PAT_1780_3381_999_mask.png,0.0719,8
PAT_1783_3413_850_mask.png,0.1291,8
PAT_1783_3414_120_mask.png,0.158,8
PAT_1784_3416_507_mask.png,0.0715,8
PAT_1786_3419_768_mask.png,0.6853,8
PAT_1786_3420_346_mask.png,0.2219,8
PAT_1787_3421_516_mask.png,0.2065,8
PAT_178_276_465_mask.png,0.1999,8
PAT_1790_3425_942_mask.png,0.0974,8
PAT_1790_3427_355_mask.png,0.2586,8
PAT_1790_3427_723_mask.png,0.1086,8
PAT_1794_3435_711_mask.png,0.5026,8
PAT_1798_3455_379_mask.png,0.179,8
PAT_179_277_436_mask.png,0.1301,8
PAT_179_278_331_mask.png,0.1473,8
PAT_1800_3460_206_mask.png,0.5455,8
PAT_1801_3459_857_mask.png,0.0501,8
PAT_1803_3463_639_mask.png,0.172,8
PAT_1805_3477_772_mask.png,0.648,8
PAT_1807_3481_801_mask.png,0.1786,8
PAT_180_10_831_mask.png,0.2088,8
PAT_180_279_377_mask.png,0.0392,8
PAT_180_279_746_mask.png,0.0866,8
PAT_1810_3484_347_mask.png,0.0577,8
PAT_1811_3487_560_mask.png,0.1992,8
PAT_1813_3562_195_mask.png,0.1569,8
PAT_1814_3564_609_mask.png,0.1124,8
PAT_1818_3568_132_mask.png,0.2839,8
PAT_1818_3570_577_mask.png,0.0853,8
PAT_1819_3569_217_mask.png,0.5578,8
PAT_181_12_158_mask.png,0.4883,8
PAT_181_13_109_mask.png,0.2703,8
PAT_181_280_417_mask.png,0.1107,8
PAT_181_281_54_mask.png,0.1853,8
PAT_1821_3575_920_mask.png,0.2635,8
PAT_1822_3576_145_mask.png,0.1917,8
PAT_1832_3597_594_mask.png,0.3889,8
PAT_1833_3599_827_mask.png,0.1595,8
PAT_1837_3608_851_mask.png,0.0891,8
PAT_183_283_495_mask.png,0.1582,8
PAT_183_283_602_mask.png,0.0595,8
PAT_1840_3612_959_mask.png,0.1291,8
PAT_1842_3615_850_mask.png,0.1843,8
PAT_1844_3618_373_mask.png,0.0596,8
PAT_1846_3622_35_mask.png,0.0955,8
PAT_184_284_721_mask.png,0.0615,8
PAT_1850_3631_519_mask.png,0.3005,8
PAT_1855_3641_327_mask.png,0.6068,8
PAT_185_285_862_mask.png,0.1613,8
PAT_185_285_97_mask.png,0.1254,8
PAT_1861_3648_959_mask.png,0.131,8
PAT_1866_3659_398_mask.png,0.1088,8
PAT_1869_3663_335_mask.png,0.2717,8
PAT_186_286_109_mask.png,0.0524,8
PAT_1871_3666_675_mask.png,0.1389,8
PAT_1875_3689_646_mask.png,0.1419,8
PAT_187_287_482_mask.png,0.2164,8
PAT_1881_3711_217_mask.png,0.281,8
PAT_1881_3713_718_mask.png,0.1864,8
PAT_1881_3717_785_mask.png,0.0476,8
PAT_1882_3718_982_mask.png,0.0871,8
PAT_1884_3730_813_mask.png,0.1948,8
PAT_188_289_859_mask.png,0.2292,8
PAT_188_289_908_mask.png,0.1218,8
PAT_1892_3760_713_mask.png,0.3704,8
PAT_1899_3779_475_mask.png,0.2847,8
PAT_1902_3790_168_mask.png,0.2716,8
PAT_1903_3791_14_mask.png,0.0945,8
PAT_1904_3794_215_mask.png,0.0902,8
PAT_1906_3798_588_mask.png,0.1271,8
PAT_1907_3801_88_mask.png,0.1162,8
PAT_190_291_366_mask.png,0.39,8
PAT_1913_3816_335_mask.png,0.3275,8
PAT_1914_3822_863_mask.png,0.092,8
PAT_1918_3836_82_mask.png,0.1418,8
PAT_1918_3837_15_mask.png,0.4504,8
PAT_191_293_314_mask.png,0.225,8
PAT_191_293_391_mask.png,0.2507,8
PAT_191_293_699_mask.png,0.3007,8
PAT_191_294_419_mask.png,0.3851,8
PAT_191_294_629_mask.png,0.4382,8
PAT_1922_3848_451_mask.png,0.0465,8
PAT_1926_3871_371_mask.png,0.5584,8
PAT_1928_3876_437_mask.png,0.1932,8
PAT_192_295_164_mask.png,0.0496,8
PAT_192_296_824_mask.png,0.0725,8
PAT_192_884_310_mask.png,0.6742,8
PAT_1931_3879_727_mask.png,0.1163,8
PAT_1934_3890_306_mask.png,0.1714,8
PAT_1937_3897_131_mask.png,0.1454,8
PAT_193_297_295_mask.png,0.361,8
PAT_1940_3901_900_mask.png,0.0425,8
PAT_1940_3902_876_mask.png,0.0859,8
PAT_1942_3915_388_mask.png,0.155,8
PAT_1942_3917_379_mask.png,0.1139,8
PAT_1942_3918_497_mask.png,0.126,8
PAT_1944_3921_281_mask.png,0.0848,8
PAT_1945_3923_428_mask.png,0.1069,8
PAT_1946_3924_24_mask.png,0.1599,8
PAT_1946_3924_627_mask.png,0.3462,8
PAT_1946_3924_929_mask.png,0.0761,8
PAT_1947_3926_165_mask.png,0.2168,8
PAT_194_298_367_mask.png,0.2667,8
PAT_194_298_945_mask.png,0.2108,8
PAT_1950_3932_655_mask.png,0.3534,8
PAT_1951_3934_98_mask.png,0.4879,8
PAT_1955_3946_319_mask.png,0.2586,8
PAT_1955_3947_778_mask.png,0.4733,8
PAT_1956_3949_217_mask.png,0.6451,8
PAT_1960_3957_864_mask.png,0.2165,8
PAT_1969_3980_995_mask.png,0.0666,8
PAT_196_300_749_mask.png,0.1166,8
PAT_1975_3999_453_mask.png,0.0884,8
PAT_1976_4000_701_mask.png,0.4063,8
PAT_1978_4004_82_mask.png,0.1932,8
PAT_197_301_198_mask.png,0.1434,8
PAT_197_301_449_mask.png,0.1481,8
PAT_1980_4018_929_mask.png,0.3525,8
PAT_1981_4023_673_mask.png,0.2722,8
PAT_1983_4032_502_mask.png,0.707,8
PAT_1984_4038_265_mask.png,0.1092,8
PAT_1988_4052_897_mask.png,0.1424,8
PAT_1989_4061_934_mask.png,0.233,8
PAT_198_302_44_mask.png,0.2311,8
PAT_198_853_778_mask.png,0.2368,8
PAT_1993_4076_174_mask.png,0.2974,8
PAT_1993_4077_139_mask.png,0.6023,8
PAT_1995_4080_695_mask.png,0.6533,8
PAT_1998_4095_438_mask.png,0.2198,8
PAT_2003_4107_766_mask.png,0.125,8
PAT_2006_4123_719_mask.png,0.1047,8
PAT_2008_4126_489_mask.png,0.7815,8
PAT_2009_4134_828_mask.png,0.3158,8
PAT_200_304_139_mask.png,0.3625,8
PAT_2011_4140_787_mask.png,0.0999,8
PAT_2011_4140_988_mask.png,0.4,8
PAT_2011_4141_862_mask.png,0.7497,8
PAT_2013_4148_303_mask.png,0.227,8
PAT_2016_4155_600_mask.png,0.2591,8
PAT_2016_4156_941_mask.png,0.1667,8
PAT_2016_4160_868_mask.png,0.101,8
PAT_2017_4164_500_mask.png,0.1422,8
PAT_2018_4167_11_mask.png,0.2759,8
PAT_201_306_781_mask.png,0.1587,8
PAT_201_946_262_mask.png,0.1881,8
PAT_2020_4174_799_mask.png,0.3723,8
PAT_2020_4176_865_mask.png,0.3521,8
PAT_2021_4180_381_mask.png,0.6286,8
PAT_2022_4184_111_mask.png,0.3454,8
PAT_2024_4221_632_mask.png,0.6663,8
PAT_2024_4225_170_mask.png,0.1567,8
PAT_2025_4229_541_mask.png,0.7027,8
PAT_2026_4230_141_mask.png,0.4034,8
PAT_202_19_612_mask.png,0.3783,8
PAT_202_25_942_mask.png,0.3858,8
PAT_202_307_927_mask.png,0.1306,8
PAT_202_308_692_mask.png,0.1356,8
PAT_202_308_721_mask.png,0.1918,8
PAT_2030_4246_973_mask.png,0.1047,8
PAT_2034_4266_880_mask.png,0.138,8
PAT_2034_4268_141_mask.png,0.2837,8
PAT_2034_4269_670_mask.png,0.3776,8
PAT_2036_4280_90_mask.png,0.7055,8
PAT_2036_4281_271_mask.png,0.6379,8
PAT_2039_4290_273_mask.png,0.8755,8
PAT_2041_4298_408_mask.png,0.7214,8
PAT_2042_4301_636_mask.png,0.2594,8
PAT_2043_4308_681_mask.png,0.4102,8
PAT_2046_4323_394_mask.png,0.6773,8
PAT_2046_4323_762_mask.png,0.6722,8
PAT_2048_4333_63_mask.png,0.1353,8
PAT_2049_4348_485_mask.png,0.0983,8
PAT_204_310_975_mask.png,0.1753,8
PAT_2050_4350_36_mask.png,0.3108,8
PAT_2051_4356_460_mask.png,0.3228,8
PAT_2053_4360_281_mask.png,0.2392,8
PAT_2056_4364_112_mask.png,0.0725,8
PAT_205_311_255_mask.png,0.1363,8
PAT_2061_4395_587_mask.png,0.2017,8
PAT_2062_4397_39_mask.png,0.0662,8
PAT_2065_4412_407_mask.png,0.1028,8
PAT_2066_4417_201_mask.png,0.1335,8
PAT_2068_4424_995_mask.png,0.1392,8
PAT_206_312_595_mask.png,0.2329,8
PAT_206_312_760_mask.png,0.3156,8
PAT_2070_4430_290_mask.png,0.1866,8
PAT_2071_4433_848_mask.png,0.2346,8
PAT_2076_4459_450_mask.png,0.1394,8
PAT_2077_4463_77_mask.png,0.0539,8
PAT_2079_4480_586_mask.png,0.2057,8
PAT_207_1280_15_mask.png,0.1011,8
PAT_207_313_1_mask.png,0.4044,8
PAT_207_313_709_mask.png,0.2861,8
PAT_207_3951_140_mask.png,0.5655,8
PAT_2080_4484_997_mask.png,0.1401,8
PAT_2081_4488_57_mask.png,0.4287,8
PAT_2082_4491_519_mask.png,0.0974,8
PAT_2085_4506_726_mask.png,0.089,8
PAT_2088_4523_400_mask.png,0.1619,8
PAT_2088_4524_465_mask.png,0.089,8
PAT_2088_4525_507_mask.png,0.1399,8
PAT_2089_4529_762_mask.png,0.124,8
PAT_208_314_741_mask.png,0.0867,8
PAT_2090_4532_178_mask.png,0.2829,8
PAT_2092_4537_438_mask.png,0.0726,8
PAT_2093_4542_192_mask.png,0.5229,8
PAT_2097_4557_241_mask.png,0.0687,8
PAT_2098_4559_436_mask.png,0.4317,8
PAT_2099_4562_100_mask.png,0.1377,8
PAT_20_29_850_mask.png,0.2273,8
PAT_20_30_44_mask.png,0.1043,8
PAT_2103_4581_72_mask.png,0.4703,8
PAT_2105_4587_204_mask.png,0.5679,8
PAT_2106_4590_227_mask.png,0.1168,8
PAT_2108_4596_837_mask.png,0.1625,8
PAT_2109_4598_112_mask.png,0.1542,8
PAT_210_316_401_mask.png,0.4932,8
PAT_2113_4607_329_mask.png,0.6761,8
PAT_2115_4613_260_mask.png,0.2015,8
PAT_2116_4614_671_mask.png,0.2931,8
PAT_2119_4625_733_mask.png,0.7038,8
PAT_211_317_649_mask.png,0.2992,8
PAT_211_318_942_mask.png,0.2414,8
PAT_211_319_777_mask.png,0.0915,8
PAT_2122_4642_204_mask.png,0.4519,8
PAT_2122_4642_680_mask.png,0.273,8
PAT_2123_4647_95_mask.png,0.0887,8
PAT_2124_4650_575_mask.png,0.0738,8
PAT_2125_4653_497_mask.png,0.3251,8
PAT_2127_4662_596_mask.png,0.6548,8
PAT_2129_4680_110_mask.png,0.3016,8
PAT_212_326_597_mask.png,0.3556,8
PAT_212_327_532_mask.png,0.0754,8
PAT_2131_4683_112_mask.png,0.2254,8
PAT_213_328_117_mask.png,0.0471,8
PAT_2140_4726_141_mask.png,0.3364,8
PAT_2140_4726_85_mask.png,0.3829,8
PAT_2142_4733_13_mask.png,0.2757,8
PAT_2143_4736_227_mask.png,0.2012,8
PAT_2144_4738_120_mask.png,0.0968,8
PAT_214_329_300_mask.png,0.2351,8
PAT_214_329_70_mask.png,0.2454,8
PAT_2150_4766_754_mask.png,0.8613,8
PAT_2151_4779_515_mask.png,0.7404,8
PAT_2152_4781_332_mask.png,0.5567,8
PAT_2154_4783_625_mask.png,0.139,8
PAT_2155_4784_483_mask.png,0.0881,8
PAT_2157_4789_969_mask.png,0.1481,8
PAT_2159_4792_718_mask.png,0.0745,8
PAT_215_330_224_mask.png,0.1727,8
PAT_215_330_341_mask.png,0.1029,8
PAT_2160_4814_243_mask.png,0.636,8
PAT_2161_4818_501_mask.png,0.122,8
PAT_2162_4820_913_mask.png,0.0865,8
PAT_216_331_678_mask.png,0.4314,8
PAT_217_1290_283_mask.png,0.1191,8
PAT_217_1291_419_mask.png,0.1527,8
PAT_217_332_906_mask.png,0.0571,8
PAT_217_333_61_mask.png,0.0508,8
PAT_217_963_806_mask.png,0.1745,8
PAT_219_336_376_mask.png,0.044,8
PAT_219_337_358_mask.png,0.2307,8
PAT_21_31_965_mask.png,0.1878,8
PAT_21_982_266_mask.png,0.1802,8
PAT_220_1343_489_mask.png,0.412,8
PAT_220_338_339_mask.png,0.3229,8
PAT_221_339_566_mask.png,0.2898,8
PAT_221_339_951_mask.png,0.0754,8
PAT_223_1067_569_mask.png,0.2695,8
PAT_223_33_246_mask.png,0.0682,8
PAT_223_341_187_mask.png,0.1573,8
PAT_224_1340_142_mask.png,0.302,8
PAT_224_1340_551_mask.png,0.4404,8
PAT_224_343_782_mask.png,0.0558,8
PAT_225_345_903_mask.png,0.1005,8
PAT_227_347_19_mask.png,0.4826,8
PAT_228_348_2_mask.png,0.1378,8
PAT_228_348_535_mask.png,0.521,8
PAT_229_349_141_mask.png,0.1392,8
PAT_229_349_256_mask.png,0.1779,8
PAT_230_1007_645_mask.png,0.2535,8
PAT_230_1008_673_mask.png,0.1314,8
PAT_230_1009_92_mask.png,0.4372,8
PAT_230_350_872_mask.png,0.199,8
PAT_230_351_720_mask.png,0.2,8
PAT_233_27_663_mask.png,0.1578,8
PAT_233_354_828_mask.png,0.1324,8
PAT_233_354_935_mask.png,0.2022,8
PAT_235_360_50_mask.png,0.5992,8
PAT_236_1071_810_mask.png,0.1935,8
PAT_236_7_180_mask.png,0.1669,8
PAT_237_362_52_mask.png,0.2313,8
PAT_237_362_909_mask.png,0.145,8
PAT_237_363_344_mask.png,0.2007,8
PAT_237_363_858_mask.png,0.4253,8
PAT_238_364_387_mask.png,0.1463,8
PAT_240_366_768_mask.png,0.2549,8
PAT_241_367_374_mask.png,0.4214,8
PAT_241_367_89_mask.png,0.4297,8
PAT_242_368_261_mask.png,0.0723,8
PAT_242_369_337_mask.png,0.1104,8
PAT_242_369_930_mask.png,0.0963,8
PAT_243_372_119_mask.png,0.6305,8
PAT_243_372_640_mask.png,0.6511,8
PAT_244_374_726_mask.png,0.548,8
PAT_245_376_197_mask.png,0.5657,8
PAT_245_376_24_mask.png,0.5299,8
PAT_246_377_159_mask.png,0.2718,8
PAT_247_1293_449_mask.png,0.1305,8
PAT_247_1294_292_mask.png,0.165,8
PAT_247_378_484_mask.png,0.1526,8
PAT_248_379_695_mask.png,0.2998,8
PAT_249_380_366_mask.png,0.0788,8
PAT_251_382_164_mask.png,0.1809,8
PAT_251_382_240_mask.png,0.2018,8
PAT_251_382_576_mask.png,0.1681,8
PAT_252_383_31_mask.png,0.2471,8
PAT_252_383_389_mask.png,0.1181,8
PAT_253_384_607_mask.png,0.0754,8
PAT_255_388_231_mask.png,0.1819,8
PAT_255_388_77_mask.png,0.0962,8
PAT_256_394_449_mask.png,0.4602,8
PAT_256_4_583_mask.png,0.0815,8
PAT_257_395_866_mask.png,0.0454,8
PAT_257_396_494_mask.png,0.0849,8
PAT_258_8_198_mask.png,0.1544,8
PAT_259_399_801_mask.png,0.4257,8
PAT_260_35_396_mask.png,0.1176,8
PAT_260_400_566_mask.png,0.0901,8
PAT_260_400_842_mask.png,0.1407,8
PAT_261_401_911_mask.png,0.3943,8
PAT_262_402_14_mask.png,0.1467,8
PAT_262_402_265_mask.png,0.1979,8
PAT_263_1480_753_mask.png,0.3292,8
PAT_263_403_382_mask.png,0.102,8
PAT_263_403_966_mask.png,0.0447,8
PAT_263_404_410_mask.png,0.0907,8
PAT_264_1368_868_mask.png,0.1846,8
PAT_264_405_118_mask.png,0.1428,8
PAT_265_39_303_mask.png,0.2729,8
PAT_265_406_276_mask.png,0.0975,8
PAT_265_407_137_mask.png,0.1968,8
PAT_265_407_421_mask.png,0.1107,8
PAT_267_1061_152_mask.png,0.1846,8
PAT_267_1061_324_mask.png,0.1459,8
PAT_267_1062_418_mask.png,0.0967,8
PAT_267_1258_693_mask.png,0.051,8
PAT_267_411_513_mask.png,0.2768,8
PAT_267_412_275_mask.png,0.1999,8
PAT_268_413_643_mask.png,0.1273,8
PAT_269_415_103_mask.png,0.2732,8
PAT_269_415_906_mask.png,0.077,8
PAT_26_37_865_mask.png,0.1074,8
PAT_270_1382_561_mask.png,0.1911,8
PAT_270_1384_995_mask.png,0.7676,8
PAT_270_1386_755_mask.png,0.1556,8
PAT_270_1387_430_mask.png,0.0965,8
PAT_270_416_398_mask.png,0.1123,8
PAT_270_417_257_mask.png,0.2051,8
PAT_270_417_728_mask.png,0.3466,8
PAT_271_418_14_mask.png,0.1005,8
PAT_271_418_92_mask.png,0.0538,8
PAT_272_419_906_mask.png,0.2042,8
PAT_272_420_10_mask.png,0.1593,8
PAT_272_420_25_mask.png,0.1548,8
PAT_273_421_905_mask.png,0.0758,8
PAT_274_423_374_mask.png,0.1504,8
PAT_275_9_966_mask.png,0.1859,8
PAT_276_425_539_mask.png,0.1375,8
PAT_277_36_814_mask.png,0.5038,8
PAT_277_426_825_mask.png,0.0422,8
PAT_277_427_658_mask.png,0.1006,8
PAT_279_1393_118_mask.png,0.1251,8
PAT_279_429_142_mask.png,0.519,8
PAT_279_430_356_mask.png,0.1207,8
PAT_27_38_240_mask.png,0.0893,8
PAT_280_431_466_mask.png,0.1652,8
PAT_281_432_813_mask.png,0.2653,8
PAT_281_64_293_mask.png,0.1258,8
PAT_281_67_571_mask.png,0.1313,8
PAT_281_96_753_mask.png,0.2426,8
PAT_282_433_934_mask.png,0.1874,8
PAT_286_1458_381_mask.png,0.3419,8
PAT_286_1459_666_mask.png,0.5997,8
PAT_286_1459_926_mask.png,0.0851,8
PAT_287_440_729_mask.png,0.2294,8
PAT_288_441_312_mask.png,0.0446,8
PAT_289_1399_481_mask.png,0.0579,8
PAT_289_442_43_mask.png,0.2192,8
PAT_290_445_686_mask.png,0.1171,8
PAT_290_445_988_mask.png,0.136,8
PAT_291_446_704_mask.png,0.1827,8
PAT_294_638_564_mask.png,0.057,8
PAT_295_639_240_mask.png,0.0704,8
PAT_296_640_206_mask.png,0.1147,8
PAT_297_4307_924_mask.png,0.1862,8
PAT_299_1452_1_mask.png,0.2557,8
PAT_299_1455_759_mask.png,0.4153,8
PAT_29_40_561_mask.png,0.1412,8
PAT_300_1478_445_mask.png,0.1269,8
PAT_300_1689_862_mask.png,0.1227,8
PAT_300_647_501_mask.png,0.157,8
PAT_300_648_84_mask.png,0.0557,8
PAT_301_649_533_mask.png,0.2302,8
PAT_302_650_477_mask.png,0.3456,8
PAT_302_651_529_mask.png,0.085,8
PAT_302_69_845_mask.png,0.1273,8
PAT_303_652_342_mask.png,0.1916,8
PAT_303_652_943_mask.png,0.1211,8
PAT_304_4186_458_mask.png,0.5337,8
PAT_304_653_446_mask.png,0.4086,8
PAT_305_655_30_mask.png,0.1293,8
PAT_306_1646_903_mask.png,0.6948,8
PAT_306_1646_971_mask.png,0.1625,8
PAT_306_658_825_mask.png,0.1486,8
PAT_307_1685_651_mask.png,0.0636,8
PAT_307_52_363_mask.png,0.3525,8
PAT_307_659_85_mask.png,0.1113,8
PAT_308_661_184_mask.png,0.4074,8
PAT_309_662_737_mask.png,0.0784,8
PAT_309_662_76_mask.png,0.2594,8
PAT_309_663_812_mask.png,0.1233,8
PAT_30_41_815_mask.png,0.1827,8
PAT_311_666_191_mask.png,0.0936,8
PAT_311_667_416_mask.png,0.1795,8
PAT_312_668_480_mask.png,0.1566,8
PAT_313_669_908_mask.png,0.1791,8
PAT_313_669_935_mask.png,0.2424,8
PAT_314_672_909_mask.png,0.0648,8
PAT_315_673_227_mask.png,0.2017,8
PAT_316_1457_353_mask.png,0.1365,8
PAT_316_674_318_mask.png,0.201,8
PAT_316_674_924_mask.png,0.3371,8
PAT_317_675_144_mask.png,0.1875,8
PAT_318_677_278_mask.png,0.338,8
PAT_319_678_357_mask.png,0.1667,8
PAT_319_679_533_mask.png,0.2315,8
PAT_319_680_832_mask.png,0.1984,8
PAT_31_42_680_mask.png,0.2494,8
PAT_31_43_129_mask.png,0.1013,8
PAT_320_681_410_mask.png,0.0579,8
PAT_320_681_724_mask.png,0.1192,8
PAT_321_682_236_mask.png,0.0785,8
PAT_323_686_356_mask.png,0.4694,8
PAT_323_687_169_mask.png,0.2252,8
PAT_324_1464_266_mask.png,0.193,8
PAT_324_1465_43_mask.png,0.3042,8
PAT_325_1506_440_mask.png,0.469,8
PAT_325_1506_999_mask.png,0.2753,8
PAT_325_689_528_mask.png,0.0797,8
PAT_326_690_797_mask.png,0.1294,8
PAT_326_690_823_mask.png,0.0659,8
PAT_328_1738_890_mask.png,0.1556,8
PAT_328_692_681_mask.png,0.0736,8
PAT_32_44_211_mask.png,0.0816,8
PAT_330_1437_458_mask.png,0.1374,8
PAT_330_1437_506_mask.png,0.3124,8
PAT_330_1438_323_mask.png,0.3639,8
PAT_330_1440_532_mask.png,0.0664,8
PAT_330_695_296_mask.png,0.1241,8
PAT_330_695_90_mask.png,0.0419,8
PAT_330_696_894_mask.png,0.1421,8
PAT_330_697_575_mask.png,0.1952,8
PAT_330_698_211_mask.png,0.1754,8
PAT_330_698_302_mask.png,0.0699,8
PAT_333_1468_620_mask.png,0.437,8
PAT_333_1469_499_mask.png,0.4189,8
PAT_333_702_840_mask.png,0.2142,8
PAT_334_703_907_mask.png,0.0985,8
PAT_336_705_711_mask.png,0.2164,8
PAT_337_1697_721_mask.png,0.0885,8
PAT_337_706_254_mask.png,0.1827,8
PAT_337_706_598_mask.png,0.2013,8
PAT_337_706_944_mask.png,0.1549,8
PAT_338_707_774_mask.png,0.1594,8
PAT_338_709_306_mask.png,0.0629,8
PAT_338_710_93_mask.png,0.1815,8
PAT_340_714_314_mask.png,0.0895,8
PAT_340_714_68_mask.png,0.1047,8
PAT_341_715_180_mask.png,0.1291,8
PAT_342_716_316_mask.png,0.5052,8
PAT_342_716_845_mask.png,0.1874,8
PAT_343_717_927_mask.png,0.2819,8
PAT_344_718_206_mask.png,0.1178,8
PAT_345_719_815_mask.png,0.1132,8
PAT_346_720_265_mask.png,0.0543,8
PAT_349_724_133_mask.png,0.1541,8
PAT_349_724_750_mask.png,0.1504,8
PAT_34_47_108_mask.png,0.1595,8
PAT_351_728_683_mask.png,0.1015,8
PAT_352_729_947_mask.png,0.2313,8
PAT_354_1814_153_mask.png,0.425,8
PAT_354_1814_619_mask.png,0.1586,8
PAT_354_1814_726_mask.png,0.7179,8
PAT_354_1817_500_mask.png,0.148,8
PAT_354_731_155_mask.png,0.0595,8
PAT_355_732_102_mask.png,0.2325,8
PAT_355_732_625_mask.png,0.1858,8
PAT_356_4511_960_mask.png,0.4945,8
PAT_356_735_568_mask.png,0.1399,8
PAT_356_736_188_mask.png,0.1211,8
PAT_357_737_77_mask.png,0.1089,8
PAT_358_738_837_mask.png,0.1402,8
PAT_359_1596_68_mask.png,0.0808,8
PAT_359_4450_86_mask.png,0.1414,8
PAT_359_740_46_mask.png,0.0723,8
PAT_359_741_973_mask.png,0.174,8
PAT_35_48_43_mask.png,0.1654,8
PAT_360_742_768_mask.png,0.0997,8
PAT_360_742_782_mask.png,0.2562,8
PAT_361_1567_487_mask.png,0.1342,8
PAT_361_1568_456_mask.png,0.178,8
PAT_361_743_82_mask.png,0.3699,8
PAT_362_744_283_mask.png,0.1538,8
PAT_363_745_516_mask.png,0.2034,8
PAT_363_746_18_mask.png,0.1623,8
PAT_364_748_278_mask.png,0.2591,8
PAT_364_749_377_mask.png,0.1442,8
PAT_365_750_854_mask.png,0.1698,8
PAT_365_751_709_mask.png,0.1509,8
PAT_366_2448_563_mask.png,0.5536,8
PAT_366_752_782_mask.png,0.1228,8
PAT_367_753_130_mask.png,0.184,8
PAT_368_1652_525_mask.png,0.1445,8
PAT_368_1652_733_mask.png,0.1797,8
PAT_368_2427_803_mask.png,0.6191,8
PAT_369_755_391_mask.png,0.2195,8
PAT_369_755_733_mask.png,0.138,8
PAT_369_756_130_mask.png,0.2749,8
PAT_36_49_935_mask.png,0.1102,8
PAT_36_50_14_mask.png,0.2462,8
PAT_370_2558_175_mask.png,0.2221,8
PAT_370_2558_573_mask.png,0.5982,8
PAT_370_758_322_mask.png,0.1641,8
PAT_372_760_267_mask.png,0.4011,8
PAT_372_760_355_mask.png,0.4097,8
PAT_373_2598_235_mask.png,0.1636,8
PAT_373_2598_514_mask.png,0.4562,8
PAT_373_761_708_mask.png,0.1639,8
PAT_374_762_794_mask.png,0.2388,8
PAT_375_763_732_mask.png,0.1449,8
PAT_375_763_980_mask.png,0.1672,8
PAT_375_764_705_mask.png,0.1875,8
PAT_377_1580_429_mask.png,0.5497,8
PAT_377_1580_534_mask.png,0.6446,8
PAT_377_768_643_mask.png,0.1676,8
PAT_378_769_36_mask.png,0.14,8
PAT_378_770_302_mask.png,0.213,8
PAT_379_1531_17_mask.png,0.0593,8
PAT_379_4405_969_mask.png,0.6767,8
PAT_380_1540_432_mask.png,0.2317,8
PAT_380_1540_525_mask.png,0.1081,8
PAT_380_1540_959_mask.png,0.122,8
PAT_380_773_362_mask.png,0.1168,8
PAT_380_774_185_mask.png,0.2042,8
PAT_381_775_253_mask.png,0.0697,8
PAT_381_775_566_mask.png,0.0541,8
PAT_382_776_986_mask.png,0.2329,8
PAT_383_777_129_mask.png,0.0871,8
PAT_383_779_429_mask.png,0.2803,8
PAT_384_782_292_mask.png,0.148,8
PAT_385_783_22_mask.png,0.785,8
PAT_385_783_574_mask.png,0.1824,8
PAT_386_1554_280_mask.png,0.2288,8
PAT_386_1554_362_mask.png,0.5086,8
PAT_386_1554_455_mask.png,0.4464,8
PAT_386_784_470_mask.png,0.1028,8
PAT_386_785_536_mask.png,0.1168,8
PAT_387_1614_866_mask.png,0.1245,8
PAT_387_786_213_mask.png,0.1291,8
PAT_387_786_782_mask.png,0.0651,8
PAT_388_1589_976_mask.png,0.2353,8
PAT_388_1590_169_mask.png,0.0737,8
PAT_388_1590_328_mask.png,0.3298,8
PAT_388_1592_576_mask.png,0.4833,8
PAT_388_1592_850_mask.png,0.5992,8
PAT_388_2452_548_mask.png,0.0417,8
PAT_388_4500_103_mask.png,0.1928,8
PAT_388_787_818_mask.png,0.4054,8
PAT_389_2600_833_mask.png,0.1319,8
PAT_38_1002_34_mask.png,0.2155,8
PAT_38_1002_668_mask.png,0.2153,8
PAT_38_1003_226_mask.png,0.1839,8
PAT_38_1003_68_mask.png,0.1986,8
PAT_38_53_198_mask.png,0.1058,8
PAT_38_54_234_mask.png,0.1014,8
PAT_390_790_505_mask.png,0.2521,8
PAT_392_792_22_mask.png,0.3958,8
PAT_392_792_712_mask.png,0.284,8
PAT_393_793_852_mask.png,0.0918,8
PAT_394_1562_579_mask.png,0.0454,8
PAT_394_794_235_mask.png,0.3364,8
PAT_395_795_43_mask.png,0.2342,8
PAT_396_796_394_mask.png,0.1117,8
PAT_397_797_638_mask.png,0.2234,8
PAT_397_797_742_mask.png,0.1219,8
PAT_397_798_482_mask.png,0.1041,8
PAT_398_799_163_mask.png,0.3196,8
PAT_39_55_233_mask.png,0.041,8
PAT_400_801_376_mask.png,0.7453,8
PAT_401_4594_970_mask.png,0.1378,8
PAT_402_803_739_mask.png,0.2818,8
PAT_403_804_994_mask.png,0.1653,8
PAT_404_805_575_mask.png,0.045,8
PAT_406_1542_301_mask.png,0.0999,8
PAT_406_1542_754_mask.png,0.0905,8
PAT_406_808_560_mask.png,0.0848,8
PAT_406_808_975_mask.png,0.0235,8
PAT_406_809_581_mask.png,0.2377,8
PAT_407_810_390_mask.png,0.0713,8
PAT_408_811_808_mask.png,0.081,8
PAT_409_2614_24_mask.png,0.0405,8
PAT_409_2614_805_mask.png,0.1652,8
PAT_409_812_974_mask.png,0.0872,8
PAT_40_1026_312_mask.png,0.1214,8
PAT_40_56_160_mask.png,0.1113,8
PAT_40_56_499_mask.png,0.1841,8
PAT_411_815_692_mask.png,0.186,8
PAT_412_817_232_mask.png,0.1087,8
PAT_412_818_61_mask.png,0.1602,8
PAT_413_819_268_mask.png,0.2167,8
PAT_413_819_550_mask.png,0.0771,8
PAT_414_822_420_mask.png,0.2339,8
PAT_416_824_540_mask.png,0.0994,8
PAT_416_826_123_mask.png,0.4022,8
PAT_417_3537_45_mask.png,0.1276,8
PAT_417_828_723_mask.png,0.29,8
PAT_419_2767_323_mask.png,0.4505,8
PAT_419_2768_910_mask.png,0.1384,8
PAT_419_832_706_mask.png,0.2071,8
PAT_419_833_148_mask.png,0.3014,8
PAT_41_57_2_mask.png,0.1755,8
PAT_420_834_450_mask.png,0.0938,8
PAT_420_834_948_mask.png,0.0719,8
PAT_422_837_617_mask.png,0.3347,8
PAT_422_837_683_mask.png,0.1549,8
PAT_423_839_596_mask.png,0.2733,8
PAT_423_839_717_mask.png,0.2474,8
PAT_425_841_644_mask.png,0.0658,8
PAT_426_842_458_mask.png,0.1193,8
PAT_428_845_189_mask.png,0.066,8
PAT_42_58_13_mask.png,0.0899,8
PAT_430_847_315_mask.png,0.1572,8
PAT_430_848_476_mask.png,0.11,8
PAT_430_848_550_mask.png,0.1626,8
PAT_431_850_472_mask.png,0.1949,8
PAT_432_851_386_mask.png,0.1165,8
PAT_432_851_560_mask.png,0.1045,8
PAT_433_2650_417_mask.png,0.0946,8
PAT_433_852_20_mask.png,0.1516,8
PAT_435_854_68_mask.png,0.2769,8
PAT_437_857_425_mask.png,0.0945,8
PAT_439_2887_834_mask.png,0.1631,8
PAT_439_859_283_mask.png,0.2384,8
PAT_439_859_84_mask.png,0.2314,8
PAT_43_1017_483_mask.png,0.2022,8
PAT_43_61_210_mask.png,0.2626,8
PAT_441_2868_663_mask.png,0.7406,8
PAT_441_861_415_mask.png,0.1365,8
PAT_441_861_542_mask.png,0.4259,8
PAT_442_863_795_mask.png,0.0909,8
PAT_443_864_894_mask.png,0.0839,8
PAT_445_871_524_mask.png,0.4688,8
PAT_447_873_329_mask.png,0.1712,8
PAT_448_875_81_mask.png,0.2494,8
PAT_44_63_151_mask.png,0.1022,8
PAT_451_878_634_mask.png,0.3196,8
PAT_451_878_890_mask.png,0.4355,8
PAT_452_882_896_mask.png,0.1843,8
PAT_453_883_719_mask.png,0.1353,8
PAT_454_16_28_mask.png,0.0467,8
PAT_455_885_115_mask.png,0.0485,8
PAT_456_887_499_mask.png,0.3319,8
PAT_456_888_961_mask.png,0.2796,8
PAT_457_889_346_mask.png,0.1252,8
PAT_457_890_255_mask.png,0.1637,8
PAT_458_891_709_mask.png,0.1252,8
PAT_459_892_804_mask.png,0.1797,8
PAT_45_65_551_mask.png,0.2549,8
PAT_45_66_822_mask.png,0.2846,8
PAT_460_893_307_mask.png,0.2359,8
PAT_460_893_883_mask.png,0.2534,8
PAT_460_894_242_mask.png,0.0777,8
PAT_460_894_401_mask.png,0.1329,8
PAT_460_894_429_mask.png,0.0875,8
PAT_461_895_72_mask.png,0.1826,8
PAT_462_896_893_mask.png,0.2497,8
PAT_463_897_440_mask.png,0.153,8
PAT_464_1794_271_mask.png,0.354,8
PAT_464_1794_78_mask.png,0.2073,8
PAT_464_899_646_mask.png,0.1822,8
PAT_464_900_548_mask.png,0.0907,8
PAT_465_901_106_mask.png,0.0785,8
PAT_465_901_627_mask.png,0.1196,8
PAT_466_903_893_mask.png,0.1643,8
PAT_467_904_235_mask.png,0.3515,8
PAT_467_904_535_mask.png,0.2304,8
PAT_468_4775_268_mask.png,0.2252,8
PAT_468_905_765_mask.png,0.0788,8
PAT_46_879_225_mask.png,0.2847,8
PAT_46_879_386_mask.png,0.2279,8
PAT_46_880_140_mask.png,0.134,8
PAT_46_880_308_mask.png,0.1549,8
PAT_46_881_14_mask.png,0.1427,8
PAT_46_881_939_mask.png,0.1715,8
PAT_470_908_103_mask.png,0.3084,8
PAT_471_909_344_mask.png,0.3886,8
PAT_471_909_353_mask.png,0.4456,8
PAT_471_909_394_mask.png,0.4521,8
PAT_472_910_453_mask.png,0.2339,8
PAT_473_911_610_mask.png,0.1505,8
PAT_473_911_630_mask.png,0.215,8
PAT_474_912_879_mask.png,0.1096,8
PAT_475_913_874_mask.png,0.1192,8
PAT_477_915_389_mask.png,0.0733,8
PAT_478_1829_141_mask.png,0.2915,8
PAT_478_1829_281_mask.png,0.2339,8
PAT_478_916_806_mask.png,0.1456,8
PAT_478_916_979_mask.png,0.2211,8
PAT_479_917_41_mask.png,0.1511,8
PAT_479_917_598_mask.png,0.0796,8
PAT_479_919_97_mask.png,0.2773,8
PAT_480_921_1_mask.png,0.062,8
PAT_481_923_186_mask.png,0.1341,8
PAT_482_2928_201_mask.png,0.0804,8
PAT_482_924_134_mask.png,0.1744,8
PAT_483_925_716_mask.png,0.3429,8
PAT_484_26_624_mask.png,0.4265,8
PAT_485_928_796_mask.png,0.3495,8
PAT_486_929_274_mask.png,0.2518,8
PAT_486_929_317_mask.png,0.2949,8
PAT_487_930_973_mask.png,0.1364,8
PAT_488_931_321_mask.png,0.0934,8
PAT_489_932_138_mask.png,0.1776,8
PAT_48_74_309_mask.png,0.0813,8
PAT_490_933_17_mask.png,0.1544,8
PAT_490_933_352_mask.png,0.2236,8
PAT_491_934_46_mask.png,0.0701,8
PAT_492_1782_752_mask.png,0.3084,8
PAT_492_1784_50_mask.png,0.3842,8
PAT_492_4723_890_mask.png,0.2241,8
PAT_492_937_126_mask.png,0.1095,8
PAT_492_937_43_mask.png,0.0634,8
PAT_492_937_958_mask.png,0.1562,8
PAT_493_1862_360_mask.png,0.1164,8
PAT_493_3016_512_mask.png,0.1831,8
PAT_494_939_518_mask.png,0.2038,8
PAT_495_941_26_mask.png,0.216,8
PAT_497_943_580_mask.png,0.076,8
PAT_498_944_488_mask.png,0.063,8
PAT_499_945_878_mask.png,0.2394,8
PAT_49_75_326_mask.png,0.3653,8
PAT_500_947_77_mask.png,0.2024,8
PAT_503_949_409_mask.png,0.1119,8
PAT_503_950_368_mask.png,0.2504,8
PAT_503_950_552_mask.png,0.1561,8
PAT_504_953_569_mask.png,0.1402,8
PAT_505_3200_856_mask.png,0.1758,8
PAT_505_951_710_mask.png,0.0978,8
PAT_506_957_377_mask.png,0.1829,8
PAT_507_954_812_mask.png,0.3131,8
PAT_50_76_296_mask.png,0.1643,8
PAT_50_76_728_mask.png,0.2531,8
PAT_510_959_174_mask.png,0.1493,8
PAT_510_959_985_mask.png,0.1511,8
PAT_512_962_998_mask.png,0.2109,8
PAT_513_964_343_mask.png,0.1076,8
PAT_513_964_447_mask.png,0.3529,8
PAT_513_965_496_mask.png,0.1654,8
PAT_514_967_300_mask.png,0.1496,8
PAT_514_967_908_mask.png,0.1692,8
PAT_514_968_269_mask.png,0.2761,8
PAT_514_969_187_mask.png,0.1765,8
PAT_514_969_995_mask.png,0.1168,8
PAT_516_966_57_mask.png,0.1524,8
PAT_517_971_88_mask.png,0.192,8
PAT_517_972_845_mask.png,0.1379,8
PAT_519_979_104_mask.png,0.2516,8
PAT_51_78_959_mask.png,0.4143,8
PAT_520_983_221_mask.png,0.189,8
PAT_520_983_932_mask.png,0.0796,8
PAT_521_984_412_mask.png,0.0989,8
PAT_522_3168_747_mask.png,0.0605,8
PAT_522_3174_761_mask.png,0.7168,8
PAT_522_985_991_mask.png,0.1038,8
PAT_522_986_305_mask.png,0.1241,8
PAT_522_986_800_mask.png,0.1297,8
PAT_523_988_851_mask.png,0.1125,8
PAT_523_988_900_mask.png,0.1557,8
PAT_524_987_738_mask.png,0.0956,8
PAT_526_3205_611_mask.png,0.1239,8
PAT_526_991_109_mask.png,0.172,8
PAT_527_1359_165_mask.png,0.0911,8
PAT_527_1360_225_mask.png,0.0665,8
PAT_528_3072_615_mask.png,0.0715,8
PAT_528_992_124_mask.png,0.0962,8
PAT_528_993_589_mask.png,0.1636,8
PAT_529_994_419_mask.png,0.101,8
PAT_530_999_696_mask.png,0.1807,8
PAT_531_1004_189_mask.png,0.0799,8
PAT_531_1004_792_mask.png,0.0517,8
PAT_531_3079_652_mask.png,0.1603,8
PAT_532_28_854_mask.png,0.2623,8
PAT_532_3216_633_mask.png,0.0578,8
PAT_534_32_924_mask.png,0.1201,8
PAT_535_1010_303_mask.png,0.0954,8
PAT_535_1011_567_mask.png,0.1924,8
PAT_535_1012_145_mask.png,0.2185,8
PAT_536_3227_442_mask.png,0.1315,8
PAT_537_1014_452_mask.png,0.0508,8
PAT_537_1014_961_mask.png,0.2772,8
PAT_539_1023_878_mask.png,0.1992,8
PAT_539_1023_928_mask.png,0.0856,8
PAT_53_1144_892_mask.png,0.2867,8
PAT_53_1370_245_mask.png,0.2657,8
PAT_53_1370_288_mask.png,0.267,8
PAT_53_81_522_mask.png,0.641,8
PAT_53_82_657_mask.png,0.0721,8
PAT_53_82_940_mask.png,0.1161,8
PAT_540_1016_644_mask.png,0.1077,8
PAT_541_3303_228_mask.png,0.5926,8
PAT_544_1028_226_mask.png,0.1789,8
PAT_544_3299_671_mask.png,0.1171,8
PAT_545_1029_650_mask.png,0.2101,8
PAT_545_1030_854_mask.png,0.2726,8
PAT_545_1031_428_mask.png,0.2048,8
PAT_547_1033_445_mask.png,0.3078,8
PAT_547_1033_911_mask.png,0.0623,8
PAT_549_1043_36_mask.png,0.255,8
PAT_549_1043_676_mask.png,0.214,8
PAT_54_83_405_mask.png,0.5835,8
PAT_550_1045_81_mask.png,0.054,8
PAT_551_1047_567_mask_png.png,0.12,8
PAT_553_1049_461_mask.png,0.161,8
PAT_554_1051_301_mask.png,0.1768,8
PAT_557_1058_309_mask.png,0.0845,8
PAT_558_1072_486_mask.png,0.1496,8
PAT_559_1093_774_mask.png,0.1504,8
PAT_55_84_506_mask.png,0.1056,8
PAT_55_85_884_mask.png,0.1135,8
PAT_561_1068_557_mask.png,0.1374,8
PAT_561_1068_909_mask.png,0.1488,8
PAT_561_1069_418_mask.png,0.1327,8
PAT_562_1110_360_mask.png,0.0571,8
PAT_563_1070_63_mask.png,0.3078,8
PAT_564_1079_31_mask.png,0.2493,8
PAT_564_1079_430_mask.png,0.3301,8
PAT_565_1073_749_mask.png,0.2937,8
PAT_566_178_625_mask.png,0.1002,8
PAT_566_179_23_mask.png,0.7778,8
PAT_567_1076_545_mask.png,0.4372,8
PAT_567_1077_64_mask.png,0.1681,8
PAT_567_1078_978_mask.png,0.1517,8
PAT_568_1066_235_mask.png,0.1178,8
PAT_56_86_479_mask.png,0.2825,8
PAT_56_86_802_mask.png,0.1536,8
PAT_56_88_274_mask.png,0.1304,8
PAT_570_1084_637_mask.png,0.2189,8
PAT_570_1084_939_masks.png,0.2547,8
PAT_570_1085_344_mask.png,0.3372,8
PAT_570_1085_429_mask.png,0.079,8
PAT_571_1096_10_mask.png,0.0515,8
PAT_571_1097_652_mask.png,0.2631,8
PAT_572_1086_130_mask.png,0.2198,8
PAT_573_1090_164_mask.png,0.067,8
PAT_573_1090_660_mask.png,0.2216,8
PAT_574_1081_628_mask.png,0.2568,8
PAT_575_1087_29_mask.png,0.3526,8
PAT_575_1088_134_mask.png,0.0877,8
PAT_576_1089_435_mask.png,0.3017,8
PAT_577_1107_61_mask.png,0.1855,8
PAT_579_1099_551_mask.png,0.0696,8
PAT_579_1099_837_mask.png,0.087,8
PAT_579_1100_988_mask.png,0.4236,8
PAT_57_90_910_mask.png,0.2091,8
PAT_580_1104_684_mask.png,0.0422,8
PAT_581_1114_116_mask.png,0.2059,8
PAT_582_1363_358_mask.png,0.1182,8
PAT_583_1112_886_mask.png,0.2401,8
PAT_585_1130_474_mask.png,0.0392,8
PAT_585_1130_552_mask.png,0.1006,8
PAT_587_1117_880_mask.png,0.1496,8
PAT_587_3431_6_mask.png,0.2294,8
PAT_58_91_143_mask.png,0.0906,8
PAT_58_91_845_mask.png,0.0856,8
PAT_590_1121_504_mask.png,0.1489,8
PAT_591_1126_21_mask.png,0.2802,8
PAT_593_1127_823_mask.png,0.2735,8
PAT_595_1142_142_mask.png,0.1643,8
PAT_596_1146_294_mask.png,0.0393,8
PAT_597_1139_181_mask.png,0.3729,8
PAT_598_1137_888_mask.png,0.0958,8
PAT_599_1140_399_mask.png,0.1269,8
PAT_59_46_537_mask.png,0.1222,8
PAT_59_93_342_mask.png,0.1514,8
PAT_59_93_573_mask.png,0.211,8
PAT_59_94_849_mask.png,0.1955,8
PAT_600_1141_542_mask.png,0.0746,8
PAT_600_1141_988_mask.png,0.044,8
PAT_601_1147_889_mask.png,0.1917,8
PAT_601_1147_943_mask.png,0.3801,8
PAT_604_34_336_mask.png,0.0515,8
PAT_605_1152_536_mask.png,0.172,8
PAT_609_1159_932_mask.png,0.1912,8
PAT_609_1159_942_mask.png,0.1566,8
PAT_610_1156_461_mask.png,0.3385,8
PAT_611_1158_156_mask.png,0.226,8
PAT_612_1163_833_mask.png,0.1927,8
PAT_613_1164_827_mask.png,0.1783,8
PAT_614_1166_885_mask.png,0.2741,8
PAT_615_1167_722_mask.png,0.1134,8
PAT_615_1168_968_mask.png,0.0883,8
PAT_616_1169_3_mask.png,0.073,8
PAT_618_1174_596_mask.png,0.2391,8
PAT_619_1175_767_mask.png,0.1014,8
PAT_61_299_74_mask.png,0.1177,8
PAT_620_1176_980_mask.png,0.1626,8
PAT_621_1182_456_mask.png,0.0809,8
PAT_621_1183_56_mask.png,0.0789,8
PAT_621_3591_171_mask.png,0.0733,8
PAT_621_3592_955_mask.png,0.0925,8
PAT_622_1185_922_mask.png,0.3437,8
PAT_624_1179_323_mask.png,0.2214,8
PAT_624_1180_803_mask.png,0.2803,8
PAT_625_1184_412_mask.png,0.0301,8
PAT_625_1184_994_mask.png,0.0604,8
PAT_626_1186_898_mask.png,0.1311,8
PAT_626_1187_34_mask.png,0.3726,8
PAT_627_1188_503_mask.png,0.1454,8
PAT_627_1188_755_mask.png,0.1584,8
PAT_628_1191_564_mask.png,0.088,8
PAT_629_1192_362_mask.png,0.1558,8
PAT_62_97_868_mask.png,0.1148,8
PAT_630_1196_710_mask.png,0.1737,8
PAT_631_1207_982_mask.png,0.1259,8
PAT_631_1227_585_mask.png,0.5815,8
PAT_632_1206_634_mask.png,0.2532,8
PAT_632_1206_637_mask.png,0.2654,8
PAT_632_3700_890_mask.png,0.1007,8
PAT_633_1199_218_mask.png,0.0965,8
PAT_633_1199_745_mask.png,0.2051,8
PAT_636_1204_521_mask.png,0.1696,8
PAT_636_1204_666_mask.png,0.0576,8
PAT_637_1217_274_mask.png,0.3523,8
PAT_637_1434_570_mask.png,0.0785,8
PAT_637_1434_684_mask.png,0.1123,8
PAT_638_3680_891_mask.png,0.3233,8
PAT_639_1208_986_mask.png,0.3198,8
PAT_639_3674_452_mask.png,0.5499,8
PAT_639_3676_760_mask.png,0.1923,8
PAT_63_1075_331_mask.png,0.1279,8
PAT_63_1075_498_mask.png,0.151,8
PAT_63_98_127_mask.png,0.2433,8
PAT_63_98_187_mask.png,0.2077,8
PAT_63_99_189_mask.png,0.116,8
PAT_63_99_736_mask.png,0.1165,8
PAT_640_1210_293_mask.png,0.0441,8
PAT_641_1211_321_mask.png,0.1385,8
PAT_641_3704_317_mask.png,0.0977,8
PAT_645_1222_140_mask.png,0.0891,8
PAT_645_1222_860_mask.png,0.0788,8
PAT_645_1223_124_mask.png,0.31,8
PAT_645_1223_443_mask.png,0.2304,8
PAT_645_1224_768._mask.png,0.5181,8
PAT_645_1300_463_mask.png,0.0743,8
PAT_645_1461_111_mask.png,0.221,8
PAT_645_1500_364_mask.png,0.1361,8
PAT_645_4042_489_mask.png,0.6029,8
PAT_645_4043_374_mask.png,0.3275,8
PAT_646_1225_590_mask.png,0.1852,8
PAT_649_1233_229_mask.png,0.0837,8
PAT_650_1230_636_mask.png,0.3381,8
PAT_650_1241_329_mask.png,0.6443,8
PAT_650_3858_329_mask.png,0.0473,8
PAT_651_1232_950_mask.png,0.3167,8
PAT_652_1231_516_mask.png,0.3177,8
PAT_653_1234_311_mask.png,0.2259,8
PAT_654_1244_16_mask.png,0.2127,8
PAT_655_1245_807_mask.png,0.1612,8
PAT_655_926_447_mask.png,0.5796,8
PAT_656_1246_483_mask.png,0.1027,8
PAT_656_1246_489_mask.png,0.2036,8
PAT_657_1247_455_mask.png,0.0871,8
PAT_658_1266_149_mask.png,0.3714,8
PAT_65_101_847_mask.png,0.2172,8
PAT_660_1249_373_mask.png,0.0959,8
PAT_660_1249_469_mask.png,0.0557,8
PAT_662_1251_380_mask.png,0.1805,8
PAT_662_1251_43_mask.png,0.1136,8
PAT_663_1254_732_mask.png,0.136,8
PAT_664_1263_781_mask.png,0.1651,8
PAT_665_1260_16_mask.png,0.1909,8
PAT_665_1261_17_mask.png,0.2719,8
PAT_665_1262_774_mask.png,0.1315,8
PAT_666_1268_870_mask.png,0.2137,8
PAT_666_1269_65_mask.png,0.5278,8
PAT_666_1271_645_mask.png,0.1008,8
PAT_667_1264_8_mask.png,0.2688,8
PAT_668_1259_681_mask.png,0.0519,8
PAT_669_1265_76_mask.png,0.1069,8
PAT_672_1272_705_mask.png,0.1281,8
PAT_673_1276_752_mask.png,0.1652,8
PAT_673_3928_888_mask.png,0.2993,8
PAT_674_1277_9_mask.png,0.4445,8
PAT_677_1348_51_mask.png,0.1421,8
PAT_677_1348_657_mask.png,0.11,8
PAT_677_1349_541_mask.png,0.5764,8
PAT_677_1349_851_mask.png,0.1607,8
PAT_677_1350_358_mask.png,0.5927,8
PAT_677_1350_67_mask.png,0.1662,8
PAT_678_1287_652_mask.png,0.2942,8
PAT_678_1298_396_mask.png,0.2886,8
PAT_679_1286_677_mask.png,0.1568,8
PAT_679_1286_933_mask.png,0.321,8
PAT_67_104_695_mask.png,0.1433,8
PAT_67_104_730_mask.png,0.1516,8
PAT_680_1289_182_mask.png,0.4579,8
PAT_680_1289_585_mask.png,0.189,8
PAT_681_1299_458_mask.png,0.1376,8
PAT_682_1292_642_mask.png,0.0565,8
PAT_682_1292_978_mask.png,0.0376,8
PAT_682_1292_986_mask.png,0.0387,8
PAT_683_1296_237_mask.png,0.0934,8
PAT_683_1297_195_mask.png,0.083,8
PAT_683_1297_839_mask.png,0.1449,8
PAT_684_1302_588_mask.png,0.1214,8
PAT_684_1302_934_mask.png,0.1532,8
PAT_684_1303_178_mask.png,0.1786,8
PAT_684_1303_368_mask.png,0.1086,8
PAT_686_1355_168_mask.png,0.1138,8
PAT_687_1304_898_mask.png,0.187,8
PAT_688_1305_242_mask.png,0.0692,8
PAT_689_1306_772_mask.png,0.1009,8
PAT_689_1307_354_mask.png,0.318,8
PAT_68_105_871_mask.png,0.1248,8
PAT_690_1309_154_mask.png,0.0887,8
PAT_690_1309_217_mask.png,0.1668,8
PAT_690_1309_981_mask.png,0.0594,8
PAT_691_1310_780_mask.png,0.1959,8
PAT_691_1311_2_mask.png,0.0848,8
PAT_691_1311_686_mask.png,0.1309,8
PAT_691_1311_890_mask.png,0.241,8
PAT_691_1312_389_mask.png,0.1152,8
PAT_691_3994_671_mask.png,0.068,8
PAT_691_3994_791_mask.png,0.2287,8
PAT_692_1308_364_mask.png,0.2834,8
PAT_693_1313_304_mask.png,0.2083,8
PAT_695_1314_822_mask.png,0.0984,8
PAT_697_1317_892_mask.png,0.2117,8
PAT_698_1150_510_mask.png,0.3917,8
PAT_698_1150_881_mask.png,0.5497,8
PAT_698_1319_166_mask.png,0.0692,8
PAT_699_1320_901_mask.png,0.1243,8
PAT_69_1053_332_mask.png,0.145,8
PAT_701_1321_156_mask.png,0.1504,8
PAT_701_4056_457_mask.png,0.1315,8
PAT_703_1329_112_mask.png,0.1428,8
PAT_704_1323_974_mask.png,0.3824,8
PAT_704_1324_359_mask.png,0.1986,8
PAT_705_1326_82_mask.png,0.0595,8
PAT_705_4015_413_mask.png,0.3213,8
PAT_707_1327_245_mask.png,0.0817,8
PAT_708_1333_222_mask.png,0.2803,8
PAT_709_1331_253_mask.png,0.2923,8
PAT_70_107_155_mask.png,0.115,8
PAT_70_107_591_mask.png,0.2105,8
PAT_710_1330_243_mask.png,0.0527,8
PAT_711_1334_344_mask.png,0.1023,8
PAT_711_1334_480_mask.png,0.093,8
PAT_711_4067_260_mask.png,0.1923,8
PAT_712_1335_359_mask.png,0.247,8
PAT_713_1336_159_mask.png,0.0827,8
PAT_714_1337_709_mask.png,0.2293,8
PAT_714_1337_914_mask.png,0.1549,8
PAT_715_1338_761_mask.png,0.1146,8
PAT_715_1339_508_mask.png,0.0632,8
PAT_715_4072_827_mask.png,0.4915,8
PAT_715_4073_115_mask.png,0.6075,8
PAT_716_1345_460_mask.png,0.0775,8
PAT_717_1347_899_mask.png,0.0921,8
PAT_718_1358_919_mask.png,0.149,8
PAT_719_1361_160_mask.png,0.1611,8
PAT_719_1361_234_mask.png,0.2304,8
PAT_71_108_56_mask.png,0.402,8
PAT_71_108_617_mask.png,0.1245,8
PAT_71_145_971_mask.png,0.7725,8
PAT_720_1362_700_mask.png,0.1161,8
PAT_721_1365_142_mask.png,0.1245,8
PAT_721_1365_819_mask.png,0.107,8
PAT_722_1376_280_mask.png,0.1216,8
PAT_722_1377_120_mask.png,0.1864,8
PAT_723_1396_338_mask.png,0.215,8
PAT_724_1369_896_mask.png,0.2644,8
PAT_726_1371_397_mask.png,0.0524,8
PAT_726_1371_543_mask.png,0.084,8
PAT_727_1373_718_mask.png,0.302,8
PAT_727_1373_776_mask.png,0.3137,8
PAT_728_1381_63_mask.png,0.3312,8
PAT_728_68_952_mask.png,0.1306,8
PAT_729_45_390_mask.png,0.4049,8
PAT_72_110_647_mask.png,0.109,8
PAT_72_110_944_mask.png,0.175,8
PAT_730_1383_535_mask.png,0.1381,8
PAT_730_1385_585_mask.png,0.0617,8
PAT_731_51_634_mask.png,0.1173,8
PAT_734_1390_631_mask.png,0.4264,8
PAT_735_1391_261_mask.png,0.1406,8
PAT_735_1391_683_mask.png,0.1724,8
PAT_736_1392_562_mask.png,0.0674,8
PAT_737_1394_308_mask.png,0.2137,8
PAT_737_1394_936_mask.png,0.1741,8
PAT_738_1397_195_mask.png,0.1896,8
PAT_738_1397_966_mask.png,0.0485,8
PAT_738_1552_502_mask.png,0.3202,8
PAT_738_1552_843_mask.png,0.509,8
PAT_739_1398_331_mask.png,0.2198,8
PAT_73_111_435_mask.png,0.1288,8
PAT_73_111_609_mask.png,0.2147,8
PAT_741_1400_780_mask.png,0.2858,8
PAT_741_1401_619_mask.png,0.1962,8
PAT_742_1402_818_mask.png,0.6389,8
PAT_742_1470_425_mask.png,0.3369,8
PAT_742_1470_834_mask.png,0.3225,8
PAT_744_1404_951_mask.png,0.0537,8
PAT_744_1405_742_mask.png,0.0656,8
PAT_745_1406_409_mask.png,0.1212,8
PAT_746_1407_708_mask.png,0.1762,8
PAT_747_1408_427_mask.png,0.136,8
PAT_747_1408_742_mask.png,0.0564,8
PAT_747_1408_965_mask.png,0.0504,8
PAT_747_1409_116_mask.png,0.1957,8
PAT_747_1409_466_mask.png,0.1084,8
PAT_747_1410_179_mask.png,0.1563,8
PAT_747_1410_622_mask.png,0.1195,8
PAT_749_1414_770_mask.png,0.1233,8
PAT_749_1415_164_mask.png,0.2565,8
PAT_74_112_729_mask.png,0.2143,8
PAT_751_1497_215_mask.png,0.631,8
PAT_752_1426_714_mask.png,0.3741,8
PAT_753_1427_496_mask.png,0.1586,8
PAT_753_1427_658_mask.png,0.2335,8
PAT_753_1428_451_mask.png,0.1327,8
PAT_753_1833_710_mask.png,0.2486,8
PAT_753_1834_712_mask.png,0.3899,8
PAT_754_1429_380_mask.png,0.1095,8
PAT_755_1430_681_mask.png,0.1167,8
PAT_756_1495_858_mask.png,0.415,8
PAT_756_1496_480_mask.png,0.2413,8
PAT_756_1496_599_mask.png,0.1738,8
PAT_757_1431_696_mask.png,0.0704,8
PAT_757_1431_907_mask.png,0.1007,8
PAT_757_4220_942_mask.png,0.4622,8
PAT_758_1441_891_mask.png,0.1871,8
PAT_759_1433_914_mask.png,0.0875,8
PAT_759_1433_973_mask.png,0.0945,8
PAT_759_1538_566_mask.png,0.0989,8
PAT_75_113_165_mask.png,0.139,8
PAT_75_113_647_mask.png,0.1755,8
PAT_75_114_73_mask.png,0.1528,8
PAT_760_1456_878_mask.png,0.0925,8
PAT_761_1435_561_mask.png,0.4949,8
PAT_762_1436_414_mask.png,0.1781,8
PAT_763_1439_668_mask.png,0.1196,8
PAT_764_1448_499_mask.png,0.081,8
PAT_766_1444_52_mask.png,0.2187,8
PAT_766_71_458_mask.png,0.5317,8
PAT_767_1501_691_mask.png,0.3229,8
PAT_768_1449_842_mask.png,0.2065,8
PAT_768_1450_402_mask.png,0.195,8
PAT_76_1039_269_mask.png,0.2896,8
PAT_770_1451_136_mask.png,0.4785,8
PAT_771_1488_562_mask.png,0.0525,8
PAT_771_1488_922_mask.png,0.1422,8
PAT_771_1489_345_mask.png,0.1102,8
PAT_771_1489_70_mask.png,0.2165,8
PAT_771_1490_334_mask.png,0.074,8
PAT_771_1491_390_mask.png,0.1895,8
PAT_773_60_554_mask.png,0.1507,8
PAT_774_1462_821_mask.png,0.075,8
PAT_775_1463_616_mask.png,0.1025,8
PAT_776_1466_241_mask.png,0.085,8
PAT_778_1471_835_mask.png,0.1216,8
PAT_778_1471_911_mask.png,0.2478,8
PAT_779_1472_741_mask.png,0.0838,8
PAT_780_1473_791_mask.png,0.1409,8
PAT_781_1474_517_mask.png,0.2233,8
PAT_782_1492_890_mask.png,0.0826,8
PAT_782_1493_140_mask.png,0.6004,8
PAT_782_1494_418_mask.png,0.2298,8
PAT_785_1479_108_mask.png,0.0972,8
PAT_786_62_914_mask.png,0.7435,8
PAT_787_1482_328_mask.png,0.3722,8
PAT_788_1503_168_mask.png,0.464,8
PAT_788_1503_541_mask.png,0.5391,8
PAT_789_1483_793_mask.png,0.1957,8
PAT_78_118_164_mask.png,0.0506,8
PAT_78_118_685_mask.png,0.0432,8
PAT_791_1487_906_mask.png,0.0725,8
PAT_792_1498_936_mask.png,0.1806,8
PAT_792_4351_858_mask.png,0.1308,8
PAT_793_1512_327_mask.png,0.7977,8
PAT_793_1512_382_mask.png,0.1538,8
PAT_793_1512_513_mask.png,0.1956,8
PAT_794_1507_723_mask.png,0.1363,8
PAT_795_1508_925_mask.png,0.6627,8
PAT_796_1509_400_mask.png,0.117,8
PAT_796_1509_459_mask.png,0.101,8
PAT_796_1510_130_mask.png,0.4626,8
PAT_796_1510_361_mask.png,0.1201,8
PAT_797_1511_805_mask.png,0.3771,8
PAT_798_1529_282_mask.png,0.1159,8
PAT_798_1770_256_mask.png,0.0441,8
PAT_798_1771_240_mask.png,0.108,8
PAT_798_1772_469_mask.png,0.5809,8
PAT_799_1515_723_mask.png,0.1016,8
PAT_79_120_532_mask.png,0.481,8
PAT_79_120_739_mask.png,0.2702,8
PAT_800_1513_509_mask.png,0.1188,8
PAT_800_1514_512_mask.png,0.1795,8
PAT_801_1518_574_mask.png,0.3147,8
PAT_801_1518_78_mask.png,0.222,8
PAT_802_1516_510_mask.png,0.2785,8
PAT_802_1516_910_mask.png,0.4894,8
PAT_803_1522_907_mask.png,0.135,8
PAT_805_1517_154_mask.png,0.0739,8
PAT_805_1517_647_mask.png,0.0898,8
PAT_806_1519_527_mask.png,0.459,8
PAT_806_1520_708_mask.png,0.1297,8
PAT_809_1527_202_mask.png,0.1046,8
PAT_809_1527_902_mask.png,0.1422,8
PAT_809_1528_118_mask.png,0.0547,8
PAT_810_1526_639_mask.png,0.3112,8
PAT_810_1526_67_mask.png,0.318,8
PAT_812_1625_430_mask.png,0.4586,8
PAT_813_1619_543_mask.png,0.1936,8
PAT_814_1532_265_mask.png,0.3298,8
PAT_814_1532_545_mask.png,0.421,8
PAT_815_1533_460_mask.png,0.2899,8
PAT_815_1534_411_mask.png,0.1361,8
PAT_815_1535_536_mask.png,0.0844,8
PAT_815_1536_963_mask.png,0.1463,8
PAT_816_1544_933_mask.png,0.2858,8
PAT_817_1537_643_mask.png,0.1432,8
PAT_817_1537_943_mask.png,0.1053,8
PAT_817_4471_179_mask.png,0.1794,8
PAT_818_1539_859_mask.png,0.7285,8
PAT_819_1541_727_mask.png,0.1403,8
PAT_81_123_52_mask.png,0.0612,8
PAT_821_1547_77_mask.png,0.2632,8
PAT_822_1550_132_mask.png,0.1145,8
PAT_822_1551_573_mask.png,0.074,8
PAT_822_1551_642_mask.png,0.3889,8
PAT_823_1556_787_mask.png,0.5233,8
PAT_823_1558_67_mask.png,0.41,8
PAT_823_1558_870_mask.png,0.2696,8
PAT_824_1560_801_mask.png,0.2711,8
PAT_824_1561_796_mask.png,0.1601,8
PAT_826_1615_908_mask.png,0.368,8
PAT_827_1598_85_mask.png,0.2145,8
PAT_827_1599_248_mask.png,0.0784,8
PAT_827_1600_1000_mask.png,0.1212,8
PAT_827_1601_859_mask.png,0.1968,8
PAT_829_1566_135_mask.png,0.2467,8
PAT_82_125_365_mask.png,0.0576,8
PAT_82_125_525_mask.png,0.0983,8
PAT_82_125_907_mask.png,0.141,8
PAT_830_1564_54_mask.png,0.2886,8
PAT_830_1564_740_mask.png,0.1626,8
PAT_830_1565_911_mask.png,0.2701,8
PAT_831_1570_637_mask.png,0.0625,8
PAT_831_1570_991_mask.png,0.0638,8
PAT_832_1569_413_mask.png,0.2351,8
PAT_833_1571_134_mask.png,0.1215,8
PAT_834_1572_430_mask.png,0.335,8
PAT_834_1572_973_mask.png,0.2332,8
PAT_834_1574_276_mask.png,0.1113,8
PAT_834_1574_397_mask.png,0.1425,8
PAT_834_4490_317_mask.png,0.1083,8
PAT_835_1577_938_mask.png,0.3167,8
PAT_835_1578_52_mask.png,0.1086,8
PAT_835_1578_592_mask.png,0.039,8
PAT_837_1582_714_mask.png,0.1482,8
PAT_837_1583_124_mask.png,0.1162,8
PAT_837_1584_745_mask.png,0.5579,8
PAT_838_1585_282_mask.png,0.3121,8
PAT_838_1585_979_mask.png,0.0794,8
PAT_838_1586_622_mask.png,0.087,8
PAT_838_1587_73_mask.png,0.2523,8
PAT_839_1591_204_mask.png,0.4693,8
PAT_83_126_513_mask.png,0.0862,8
PAT_83_126_820_mask.png,0.0754,8
PAT_840_1595_981_mask.png,0.1617,8
PAT_841_1603_667_mask.png,0.1518,8
PAT_842_1606_720_mask.png,0.2183,8
PAT_842_1606_971_mask.png,0.1771,8
PAT_844_1605_308_mask.png,0.162,8
PAT_845_1604_313_mask.png,0.2084,8
PAT_846_1607_895_mask.png,0.2525,8
PAT_846_4421_153_mask.png,0.8275,8
PAT_847_1610_165_mask.png,0.2027,8
PAT_849_1612_143_mask.png,0.3324,8
PAT_849_1613_824_mask.png,0.0939,8
PAT_84_128_233_mask.png,0.1649,8
PAT_850_1611_332_mask.png,0.2186,8
PAT_851_1623_506_mask.png,0.5126,8
PAT_851_1623_815_mask.png,0.1375,8
PAT_851_4519_488_mask.png,0.1323,8
PAT_851_4520_743_mask.png,0.4884,8
PAT_852_1629_265_mask.png,0.2513,8
PAT_853_1642_497_mask.png,0.3396,8
PAT_854_1635_103_mask.png,0.2572,8
PAT_856_1626_523_mask.png,0.1481,8
PAT_856_1626_630_mask.png,0.0604,8
PAT_857_1627_310_mask.png,0.0599,8
PAT_857_1628_916_mask.png,0.1121,8
PAT_858_1631_427_mask.png,0.456,8
PAT_858_1632_977_mask.png,0.262,8
PAT_858_1633_926_mask.png,0.1179,8
PAT_859_1638_598_mask.png,0.3073,8
PAT_85_129_225_mask.png,0.1575,8
PAT_85_129_896_mask.png,0.2827,8
PAT_85_129_980_mask.png,0.206,8
PAT_860_1641_440_mask.png,0.1527,8
PAT_860_1641_998_mask.png,0.1186,8
PAT_861_1639_823_mask.png,0.1149,8
PAT_862_1643_386_mask.png,0.2152,8
PAT_864_1645_626_mask.png,0.4735,8
PAT_864_1645_639_mask.png,0.1548,8
PAT_864_70_822_mask.png,0.1033,8
PAT_866_1649_674_mask.png,0.0961,8
PAT_867_1650_825_mask.png,0.1693,8
PAT_867_1650_901_mask.png,0.2556,8
PAT_868_1657_698_mask.png,0.1893,8
PAT_86_1082_220_mask.png,0.4376,8
PAT_86_1082_41_mask.png,0.0818,8
PAT_86_1109_164_mask.png,0.2726,8
PAT_86_1109_306_mask.png,0.2399,8
PAT_86_131_107_mask.png,0.248,8
PAT_872_1707_638_mask.png,0.1607,8
PAT_872_1708_841_mask.png,0.255,8
PAT_872_1709_526_mask.png,0.3033,8
PAT_873_1661_178_mask.png,0.167,8
PAT_874_1671_176_mask.png,0.5063,8
PAT_874_1671_938_mask.png,0.2796,8
PAT_874_1672_287_mask.png,0.1198,8
PAT_874_1672_743_mask.png,0.0695,8
PAT_875_1668_588_mask.png,0.0387,8
PAT_875_1669_946_mask.png,0.2591,8
PAT_875_1670_121_mask.png,0.0406,8
PAT_876_1664_579_mask.png,0.1201,8
PAT_876_1665_386_mask.png,0.1497,8
PAT_876_1665_569_mask.png,0.2173,8
PAT_876_1666_961_mask.png,0.0843,8
PAT_877_1667_118_mask.png,0.1771,8
PAT_877_1667_667_mask.png,0.1606,8
PAT_877_4672_612_mask.png,0.1219,8
PAT_878_1663_7_mask.png,0.6588,8
PAT_879_1676_668_mask.png,0.1627,8
PAT_87_133_159_mask.png,0.8468,8
PAT_87_133_391_mask.png,0.6617,8
PAT_87_133_810_mask.png,0.7184,8
PAT_880_1673_410_mask.png,0.1365,8
PAT_880_1674_223_mask.png,0.6602,8
PAT_880_1675_704_mask.png,0.4668,8
PAT_881_1681_462_mask.png,0.1751,8
PAT_882_1677_789_mask.png,0.1056,8
PAT_882_1678_192_mask.png,0.1166,8
PAT_883_1682_256_mask.png,0.1695,8
PAT_884_1683_538_mask.png,0.207,8
PAT_885_1687_823_mask.png,0.1654,8
PAT_886_1684_103_mask.png,0.4634,8
PAT_886_1684_297_mask.png,0.0729,8
PAT_886_4635_304_mask.png,0.1109,8
PAT_887_1688_436_mask.png,0.2805,8
PAT_888_72_268_mask.png,0.1636,8
PAT_889_73_986_mask.png,0.0697,8
PAT_88_1_64_mask.png,0.085,8
PAT_890_1693_904_mask.png,0.2036,8
PAT_890_1694_29_mask.png,0.2143,8
PAT_891_1700_180_mask.png,0.1752,8
PAT_891_1701_36_mask.png,0.2144,8
PAT_892_1691_881_mask.png,0.2074,8
PAT_893_77_613_mask.png,0.062,8
PAT_894_1679_640_mask.png,0.1138,8
PAT_894_1680_410_mask.png,0.1269,8
PAT_895_1699_872_mask.png,0.201,8
PAT_896_1705_582_mask.png,0.2506,8
PAT_897_1704_988_mask.png,0.3276,8
PAT_897_1710_793_mask.png,0.2397,8
PAT_898_1706_496_mask.png,0.4479,8
PAT_899_1702_32_mask.png,0.4023,8
PAT_89_135_11_mask.png,0.1405,8
PAT_8_15_820_mask.png,0.131,8
PAT_900_1711_622_mask.png,0.1944,8
PAT_901_1716_497_mask.png,0.3191,8
PAT_902_1718_852_mask.png,0.1992,8
PAT_903_1719_943_mask.png,0.1802,8
PAT_903_1720_647_mask.png,0.0925,8
PAT_904_1736_851_mask.png,0.0538,8
PAT_904_1737_511_mask.png,0.1049,8
PAT_904_1739_546_mask.png,0.2151,8
PAT_905_1721_327_mask.png,0.1032,8
PAT_906_1722_328_mask.png,0.1155,8
PAT_906_1723_560_mask.png,0.2453,8
PAT_908_1726_939_mask.png,0.1405,8
PAT_90_138_369_mask.png,0.0389,8
PAT_90_138_605_mask.png,0.1251,8
PAT_90_139_57_mask.png,0.2105,8
PAT_90_3_648_mask.png,0.2003,8
PAT_911_1728_101_mask.png,0.1256,8
PAT_912_1729_244_mask.png,0.2798,8
PAT_913_1730_815_mask.png,0.3431,8
PAT_914_1732_136_mask.png,0.0788,8
PAT_914_1740_932_mask.png,0.1872,8
PAT_915_79_667_mask.png,0.2723,8
PAT_917_1735_936_mask.png,0.2697,8
PAT_918_1742_456_mask.png,0.1794,8
PAT_918_1742_629_mask.png,0.2252,8
PAT_919_1744_451_mask.png,0.0473,8
PAT_91_140_664_mask.png,0.6173,8
PAT_91_356_273_mask.png,0.1037,8
PAT_91_5_332_mask.png,0.1229,8
PAT_920_1747_19_mask.png,0.5498,8
PAT_920_1748_942_mask.png,0.435,8
PAT_921_1750_313_mask.png,0.4316,8
PAT_923_1753_496_mask.png,0.1815,8
PAT_923_1753_706_mask.png,0.2093,8
PAT_924_1757_704_mask.png,0.2117,8
PAT_924_1757_784_mask.png,0.2187,8
PAT_926_1758_714_mask.png,0.4314,8
PAT_927_1759_749_mask.png,0.1086,8
PAT_928_1764_426_mask.png,0.1708,8
PAT_92_141_551_mask.png,0.3826,8
PAT_930_1760_560_mask.png,0.0647,8
PAT_931_1761_380_mask.png,0.063,8
PAT_931_1762_69_mask.png,0.2473,8
PAT_931_1763_617_mask.png,0.389,8
PAT_933_1766_191_mask.png,0.1315,8
PAT_934_1777_423_mask.png,0.2586,8
PAT_934_1778_140_mask.png,0.1258,8
PAT_935_1781_341_mask.png,0.0862,8
PAT_935_1781_920_mask.png,0.4904,8
PAT_935_1783_687_mask.png,0.0714,8
PAT_935_1785_530_mask.png,0.2204,8
PAT_935_1786_482_mask.png,0.1855,8
PAT_936_80_886_mask.png,0.1142,8
PAT_937_1768_126_mask.png,0.1672,8
PAT_938_1789_693_mask.png,0.0635,8
PAT_938_1790_977_mask.png,0.2594,8
PAT_939_1791_329_mask.png,0.2704,8
PAT_93_142_269_mask.png,0.0371,8
PAT_93_361_203_mask.png,0.6223,8
PAT_93_361_231_mask.png,0.7256,8
PAT_93_361_467_mask.png,0.606,8
PAT_93_361_51_mask.png,0.7925,8
PAT_940_1774_962_mask.png,0.3055,8
PAT_940_1775_513_mask.png,0.2494,8
PAT_942_1792_411_mask.png,0.7852,8
PAT_943_1793_256_mask.png,0.1471,8
PAT_943_1793_787_mask.png,0.1748,8
PAT_944_1795_371_mask.png,0.1458,8
PAT_944_1795_666_mask.png,0.1771,8
PAT_945_1796_583_mask.png,0.146,8
PAT_946_1809_687_mask.png,0.2177,8
PAT_947_1798_946_mask.png,0.2652,8
PAT_948_1800_310_mask.png,0.4875,8
PAT_948_1801_721_mask.png,0.1308,8
PAT_948_1801_993_mask.png,0.1757,8
PAT_949_1802_582_mask.png,0.0793,8
PAT_950_1804_334_mask.png,0.2008,8
PAT_950_1804_64_mask.png,0.1123,8
PAT_951_1836_991_mask.png,0.0637,8
PAT_952_1807_58_mask.png,0.0619,8
PAT_953_1806_326_mask.png,0.1416,8
PAT_953_1806_845_mask.png,0.1682,8
PAT_954_1808_415_mask.png,0.3702,8
PAT_955_1810_892_mask.png,0.1048,8
PAT_957_87_77_mask.png,0.5774,8
PAT_958_1812_62_mask.png,0.1155,8
PAT_959_1813_1000_mask.png,0.1473,8
PAT_960_1816_662_mask.png,0.1779,8
PAT_961_1818_992_mask.png,0.1893,8
PAT_962_1823_857_mask.png,0.1641,8
PAT_962_1823_942_mask.png,0.1981,8
PAT_963_1819_298_mask.png,0.0923,8
PAT_963_1820_823_mask.png,0.1097,8
PAT_963_89_593_mask.png,0.1948,8
PAT_964_1821_83_mask.png,0.2749,8
PAT_966_1825_546_mask.png,0.3742,8
PAT_966_1825_584_mask.png,0.2256,8
PAT_966_1826_587_mask.png,0.1394,8
PAT_967_1827_247_mask.png,0.2637,8
PAT_968_1835_721_mask.png,0.1165,8
PAT_96_150_743_mask.png,0.4123,8
PAT_970_92_270_mask.png,0.621,8
PAT_971_1847_99_mask.png,0.2502,8
PAT_972_1843_756_mask.png,0.208,8
PAT_973_1839_34_mask.png,0.4764,8
PAT_974_1841_693_mask.png,0.127,8
PAT_974_1842_574_mask.png,0.6419,8
PAT_975_4734_783_mask.png,0.5231,8
PAT_975_95_152_mask.png,0.2541,8
PAT_976_1837_503_mask.png,0.3453,8
PAT_976_1837_861_mask.png,0.1156,8
PAT_978_1844_599_mask.png,0.2641,8
PAT_978_1844_715_mask.png,0.1769,8
PAT_97_151_503_mask.png,0.1901,8
PAT_980_1849_295_mask.png,0.0596,8
PAT_980_1851_351_mask.png,0.2582,8
PAT_981_1848_486_mask.png,0.5815,8
PAT_981_1848_906_mask.png,0.6556,8
PAT_982_1852_526_mask.png,0.1774,8
PAT_983_1853_985_mask.png,0.1212,8
PAT_983_1854_274_mask.png,0.2295,8
PAT_985_1856_397_mask.png,0.478,8
PAT_986_1855_702_mask.png,0.2767,8
PAT_987_1859_724_mask.png,0.199,8
PAT_988_1858_453_mask.png,0.103,8
PAT_988_1858_944_mask.png,0.1703,8
PAT_989_1861_156_mask.png,0.6622,8
PAT_98_152_562_mask.png,0.2225,8
PAT_990_1860_478_mask.png,0.0476,8
PAT_990_1860_636_mask.png,0.0817,8
PAT_992_1864_653_mask.png,0.0668,8
PAT_993_1865_559_mask.png,0.2733,8
PAT_994_1866_730_mask.png,0.1842,8
PAT_994_1866_913_mask.png,0.1097,8
PAT_995_1867_165_mask.png,0.4088,8
PAT_995_1867_5_mask.png,0.4428,8
PAT_996_6_367_mask.png,0.1595,8
PAT_996_6_622_mask.png,0.315,8
PAT_996_6_886_mask.png,0.1621,8
PAT_997_14_40_mask.png,0.6773,8
PAT_998_17_641_mask.png,0.1409,8
PAT_999_20_223_mask.png,0.2551,8
PAT_999_20_540_mask.png,0.6624,8
PAT_99_153_636_mask.png,0.2574,8
PAT_9_17_80_mask.png,0.4542,8
